-- phpMyAdmin SQL Dump
-- version 4.2.11
-- http://www.phpmyadmin.net
--
-- Host: 127.0.0.1
-- Generation Time: Jan 01, 2016 at 07:35 PM
-- Server version: 5.5.27
-- PHP Version: 5.6.3

SET SQL_MODE = "NO_AUTO_VALUE_ON_ZERO";
SET time_zone = "+00:00";


/*!40101 SET @OLD_CHARACTER_SET_CLIENT=@@CHARACTER_SET_CLIENT */;
/*!40101 SET @OLD_CHARACTER_SET_RESULTS=@@CHARACTER_SET_RESULTS */;
/*!40101 SET @OLD_COLLATION_CONNECTION=@@COLLATION_CONNECTION */;
/*!40101 SET NAMES utf8 */;

--
-- Database: `laundry`
--

-- --------------------------------------------------------

--
-- Table structure for table `carts`
--

CREATE TABLE IF NOT EXISTS `carts` (
`id` int(10) unsigned NOT NULL,
  `cart_number` int(11) NOT NULL,
  `use_as_exchange_cart` tinyint(4) NOT NULL,
  `tare_weight` decimal(15,4) NOT NULL,
  `status` varchar(20) COLLATE utf8_unicode_ci NOT NULL,
  `cart_current_location` varchar(255) COLLATE utf8_unicode_ci NOT NULL,
  `customer_number` int(11) NOT NULL,
  `created_at` timestamp NOT NULL DEFAULT '0000-00-00 00:00:00',
  `updated_at` timestamp NOT NULL DEFAULT '0000-00-00 00:00:00',
  `is_deleted` tinyint(1) NOT NULL DEFAULT '1',
  `organization_id` int(11) NOT NULL DEFAULT '0'
) ENGINE=InnoDB AUTO_INCREMENT=3 DEFAULT CHARSET=utf8 COLLATE=utf8_unicode_ci;

--
-- Dumping data for table `carts`
--

INSERT INTO `carts` (`id`, `cart_number`, `use_as_exchange_cart`, `tare_weight`, `status`, `cart_current_location`, `customer_number`, `created_at`, `updated_at`, `is_deleted`, `organization_id`) VALUES
(1, 10000, 0, '150.0000', 'In', '', 0, '2015-11-04 20:00:00', '2015-11-04 20:00:00', 1, 0),
(2, 10001, 0, '200.0000', 'In', '', 0, '2015-11-04 20:00:00', '2015-11-04 20:00:00', 1, 0);

-- --------------------------------------------------------

--
-- Table structure for table `countries`
--

CREATE TABLE IF NOT EXISTS `countries` (
`id` int(10) unsigned NOT NULL,
  `country_code` varchar(2) COLLATE utf8_unicode_ci NOT NULL,
  `country_name` varchar(100) COLLATE utf8_unicode_ci NOT NULL,
  `created_at` timestamp NOT NULL DEFAULT '0000-00-00 00:00:00',
  `updated_at` timestamp NOT NULL DEFAULT '0000-00-00 00:00:00'
) ENGINE=InnoDB AUTO_INCREMENT=247 DEFAULT CHARSET=utf8 COLLATE=utf8_unicode_ci;

--
-- Dumping data for table `countries`
--

INSERT INTO `countries` (`id`, `country_code`, `country_name`, `created_at`, `updated_at`) VALUES
(1, 'AF', 'Afghanistan', '0000-00-00 00:00:00', '0000-00-00 00:00:00'),
(2, 'AL', 'Albania', '0000-00-00 00:00:00', '0000-00-00 00:00:00'),
(3, 'DZ', 'Algeria', '0000-00-00 00:00:00', '0000-00-00 00:00:00'),
(4, 'DS', 'American Samoa', '0000-00-00 00:00:00', '0000-00-00 00:00:00'),
(5, 'AD', 'Andorra', '0000-00-00 00:00:00', '0000-00-00 00:00:00'),
(6, 'AO', 'Angola', '0000-00-00 00:00:00', '0000-00-00 00:00:00'),
(7, 'AI', 'Anguilla', '0000-00-00 00:00:00', '0000-00-00 00:00:00'),
(8, 'AQ', 'Antarctica', '0000-00-00 00:00:00', '0000-00-00 00:00:00'),
(9, 'AG', 'Antigua and/or Barbuda', '0000-00-00 00:00:00', '0000-00-00 00:00:00'),
(10, 'AR', 'Argentina', '0000-00-00 00:00:00', '0000-00-00 00:00:00'),
(11, 'AM', 'Armenia', '0000-00-00 00:00:00', '0000-00-00 00:00:00'),
(12, 'AW', 'Aruba', '0000-00-00 00:00:00', '0000-00-00 00:00:00'),
(13, 'AU', 'Australia', '0000-00-00 00:00:00', '0000-00-00 00:00:00'),
(14, 'AT', 'Austria', '0000-00-00 00:00:00', '0000-00-00 00:00:00'),
(15, 'AZ', 'Azerbaijan', '0000-00-00 00:00:00', '0000-00-00 00:00:00'),
(16, 'BS', 'Bahamas', '0000-00-00 00:00:00', '0000-00-00 00:00:00'),
(17, 'BH', 'Bahrain', '0000-00-00 00:00:00', '0000-00-00 00:00:00'),
(18, 'BD', 'Bangladesh', '0000-00-00 00:00:00', '0000-00-00 00:00:00'),
(19, 'BB', 'Barbados', '0000-00-00 00:00:00', '0000-00-00 00:00:00'),
(20, 'BY', 'Belarus', '0000-00-00 00:00:00', '0000-00-00 00:00:00'),
(21, 'BE', 'Belgium', '0000-00-00 00:00:00', '0000-00-00 00:00:00'),
(22, 'BZ', 'Belize', '0000-00-00 00:00:00', '0000-00-00 00:00:00'),
(23, 'BJ', 'Benin', '0000-00-00 00:00:00', '0000-00-00 00:00:00'),
(24, 'BM', 'Bermuda', '0000-00-00 00:00:00', '0000-00-00 00:00:00'),
(25, 'BT', 'Bhutan', '0000-00-00 00:00:00', '0000-00-00 00:00:00'),
(26, 'BO', 'Bolivia', '0000-00-00 00:00:00', '0000-00-00 00:00:00'),
(27, 'BA', 'Bosnia and Herzegovina', '0000-00-00 00:00:00', '0000-00-00 00:00:00'),
(28, 'BW', 'Botswana', '0000-00-00 00:00:00', '0000-00-00 00:00:00'),
(29, 'BV', 'Bouvet Island', '0000-00-00 00:00:00', '0000-00-00 00:00:00'),
(30, 'BR', 'Brazil', '0000-00-00 00:00:00', '0000-00-00 00:00:00'),
(31, 'IO', 'British Indian Ocean Territory', '0000-00-00 00:00:00', '0000-00-00 00:00:00'),
(32, 'BN', 'Brunei Darussalam', '0000-00-00 00:00:00', '0000-00-00 00:00:00'),
(33, 'BG', 'Bulgaria', '0000-00-00 00:00:00', '0000-00-00 00:00:00'),
(34, 'BF', 'Burkina Faso', '0000-00-00 00:00:00', '0000-00-00 00:00:00'),
(35, 'BI', 'Burundi', '0000-00-00 00:00:00', '0000-00-00 00:00:00'),
(36, 'KH', 'Cambodia', '0000-00-00 00:00:00', '0000-00-00 00:00:00'),
(37, 'CM', 'Cameroon', '0000-00-00 00:00:00', '0000-00-00 00:00:00'),
(38, 'CA', 'Canada', '0000-00-00 00:00:00', '0000-00-00 00:00:00'),
(39, 'CV', 'Cape Verde', '0000-00-00 00:00:00', '0000-00-00 00:00:00'),
(40, 'KY', 'Cayman Islands', '0000-00-00 00:00:00', '0000-00-00 00:00:00'),
(41, 'CF', 'Central African Republic', '0000-00-00 00:00:00', '0000-00-00 00:00:00'),
(42, 'TD', 'Chad', '0000-00-00 00:00:00', '0000-00-00 00:00:00'),
(43, 'CL', 'Chile', '0000-00-00 00:00:00', '0000-00-00 00:00:00'),
(44, 'CN', 'China', '0000-00-00 00:00:00', '0000-00-00 00:00:00'),
(45, 'CX', 'Christmas Island', '0000-00-00 00:00:00', '0000-00-00 00:00:00'),
(46, 'CC', 'Cocos (Keeling) Islands', '0000-00-00 00:00:00', '0000-00-00 00:00:00'),
(47, 'CO', 'Colombia', '0000-00-00 00:00:00', '0000-00-00 00:00:00'),
(48, 'KM', 'Comoros', '0000-00-00 00:00:00', '0000-00-00 00:00:00'),
(49, 'CG', 'Congo', '0000-00-00 00:00:00', '0000-00-00 00:00:00'),
(50, 'CK', 'Cook Islands', '0000-00-00 00:00:00', '0000-00-00 00:00:00'),
(51, 'CR', 'Costa Rica', '0000-00-00 00:00:00', '0000-00-00 00:00:00'),
(52, 'HR', 'Croatia (Hrvatska)', '0000-00-00 00:00:00', '0000-00-00 00:00:00'),
(53, 'CU', 'Cuba', '0000-00-00 00:00:00', '0000-00-00 00:00:00'),
(54, 'CY', 'Cyprus', '0000-00-00 00:00:00', '0000-00-00 00:00:00'),
(55, 'CZ', 'Czech Republic', '0000-00-00 00:00:00', '0000-00-00 00:00:00'),
(56, 'DK', 'Denmark', '0000-00-00 00:00:00', '0000-00-00 00:00:00'),
(57, 'DJ', 'Djibouti', '0000-00-00 00:00:00', '0000-00-00 00:00:00'),
(58, 'DM', 'Dominica', '0000-00-00 00:00:00', '0000-00-00 00:00:00'),
(59, 'DO', 'Dominican Republic', '0000-00-00 00:00:00', '0000-00-00 00:00:00'),
(60, 'TP', 'East Timor', '0000-00-00 00:00:00', '0000-00-00 00:00:00'),
(61, 'EC', 'Ecuador', '0000-00-00 00:00:00', '0000-00-00 00:00:00'),
(62, 'EG', 'Egypt', '0000-00-00 00:00:00', '0000-00-00 00:00:00'),
(63, 'SV', 'El Salvador', '0000-00-00 00:00:00', '0000-00-00 00:00:00'),
(64, 'GQ', 'Equatorial Guinea', '0000-00-00 00:00:00', '0000-00-00 00:00:00'),
(65, 'ER', 'Eritrea', '0000-00-00 00:00:00', '0000-00-00 00:00:00'),
(66, 'EE', 'Estonia', '0000-00-00 00:00:00', '0000-00-00 00:00:00'),
(67, 'ET', 'Ethiopia', '0000-00-00 00:00:00', '0000-00-00 00:00:00'),
(68, 'FK', 'Falkland Islands (Malvinas)', '0000-00-00 00:00:00', '0000-00-00 00:00:00'),
(69, 'FO', 'Faroe Islands', '0000-00-00 00:00:00', '0000-00-00 00:00:00'),
(70, 'FJ', 'Fiji', '0000-00-00 00:00:00', '0000-00-00 00:00:00'),
(71, 'FI', 'Finland', '0000-00-00 00:00:00', '0000-00-00 00:00:00'),
(72, 'FR', 'France', '0000-00-00 00:00:00', '0000-00-00 00:00:00'),
(73, 'FX', 'France, Metropolitan', '0000-00-00 00:00:00', '0000-00-00 00:00:00'),
(74, 'GF', 'French Guiana', '0000-00-00 00:00:00', '0000-00-00 00:00:00'),
(75, 'PF', 'French Polynesia', '0000-00-00 00:00:00', '0000-00-00 00:00:00'),
(76, 'TF', 'French Southern Territories', '0000-00-00 00:00:00', '0000-00-00 00:00:00'),
(77, 'GA', 'Gabon', '0000-00-00 00:00:00', '0000-00-00 00:00:00'),
(78, 'GM', 'Gambia', '0000-00-00 00:00:00', '0000-00-00 00:00:00'),
(79, 'GE', 'Georgia', '0000-00-00 00:00:00', '0000-00-00 00:00:00'),
(80, 'DE', 'Germany', '0000-00-00 00:00:00', '0000-00-00 00:00:00'),
(81, 'GH', 'Ghana', '0000-00-00 00:00:00', '0000-00-00 00:00:00'),
(82, 'GI', 'Gibraltar', '0000-00-00 00:00:00', '0000-00-00 00:00:00'),
(83, 'GK', 'Guernsey', '0000-00-00 00:00:00', '0000-00-00 00:00:00'),
(84, 'GR', 'Greece', '0000-00-00 00:00:00', '0000-00-00 00:00:00'),
(85, 'GL', 'Greenland', '0000-00-00 00:00:00', '0000-00-00 00:00:00'),
(86, 'GD', 'Grenada', '0000-00-00 00:00:00', '0000-00-00 00:00:00'),
(87, 'GP', 'Guadeloupe', '0000-00-00 00:00:00', '0000-00-00 00:00:00'),
(88, 'GU', 'Guam', '0000-00-00 00:00:00', '0000-00-00 00:00:00'),
(89, 'GT', 'Guatemala', '0000-00-00 00:00:00', '0000-00-00 00:00:00'),
(90, 'GN', 'Guinea', '0000-00-00 00:00:00', '0000-00-00 00:00:00'),
(91, 'GW', 'Guinea-Bissau', '0000-00-00 00:00:00', '0000-00-00 00:00:00'),
(92, 'GY', 'Guyana', '0000-00-00 00:00:00', '0000-00-00 00:00:00'),
(93, 'HT', 'Haiti', '0000-00-00 00:00:00', '0000-00-00 00:00:00'),
(94, 'HM', 'Heard and Mc Donald Islands', '0000-00-00 00:00:00', '0000-00-00 00:00:00'),
(95, 'HN', 'Honduras', '0000-00-00 00:00:00', '0000-00-00 00:00:00'),
(96, 'HK', 'Hong Kong', '0000-00-00 00:00:00', '0000-00-00 00:00:00'),
(97, 'HU', 'Hungary', '0000-00-00 00:00:00', '0000-00-00 00:00:00'),
(98, 'IS', 'Iceland', '0000-00-00 00:00:00', '0000-00-00 00:00:00'),
(99, 'IN', 'India', '0000-00-00 00:00:00', '0000-00-00 00:00:00'),
(100, 'IM', 'Isle of Man', '0000-00-00 00:00:00', '0000-00-00 00:00:00'),
(101, 'ID', 'Indonesia', '0000-00-00 00:00:00', '0000-00-00 00:00:00'),
(102, 'IR', 'Iran (Islamic Republic of)', '0000-00-00 00:00:00', '0000-00-00 00:00:00'),
(103, 'IQ', 'Iraq', '0000-00-00 00:00:00', '0000-00-00 00:00:00'),
(104, 'IE', 'Ireland', '0000-00-00 00:00:00', '0000-00-00 00:00:00'),
(105, 'IL', 'Israel', '0000-00-00 00:00:00', '0000-00-00 00:00:00'),
(106, 'IT', 'Italy', '0000-00-00 00:00:00', '0000-00-00 00:00:00'),
(107, 'CI', 'Ivory Coast', '0000-00-00 00:00:00', '0000-00-00 00:00:00'),
(108, 'JE', 'Jersey', '0000-00-00 00:00:00', '0000-00-00 00:00:00'),
(109, 'JM', 'Jamaica', '0000-00-00 00:00:00', '0000-00-00 00:00:00'),
(110, 'JP', 'Japan', '0000-00-00 00:00:00', '0000-00-00 00:00:00'),
(111, 'JO', 'Jordan', '0000-00-00 00:00:00', '0000-00-00 00:00:00'),
(112, 'KZ', 'Kazakhstan', '0000-00-00 00:00:00', '0000-00-00 00:00:00'),
(113, 'KE', 'Kenya', '0000-00-00 00:00:00', '0000-00-00 00:00:00'),
(114, 'KI', 'Kiribati', '0000-00-00 00:00:00', '0000-00-00 00:00:00'),
(115, 'KP', 'Korea, Democratic People''s Republic of', '0000-00-00 00:00:00', '0000-00-00 00:00:00'),
(116, 'KR', 'Korea, Republic of', '0000-00-00 00:00:00', '0000-00-00 00:00:00'),
(117, 'XK', 'Kosovo', '0000-00-00 00:00:00', '0000-00-00 00:00:00'),
(118, 'KW', 'Kuwait', '0000-00-00 00:00:00', '0000-00-00 00:00:00'),
(119, 'KG', 'Kyrgyzstan', '0000-00-00 00:00:00', '0000-00-00 00:00:00'),
(120, 'LA', 'Lao People''s Democratic Republic', '0000-00-00 00:00:00', '0000-00-00 00:00:00'),
(121, 'LV', 'Latvia', '0000-00-00 00:00:00', '0000-00-00 00:00:00'),
(122, 'LB', 'Lebanon', '0000-00-00 00:00:00', '0000-00-00 00:00:00'),
(123, 'LS', 'Lesotho', '0000-00-00 00:00:00', '0000-00-00 00:00:00'),
(124, 'LR', 'Liberia', '0000-00-00 00:00:00', '0000-00-00 00:00:00'),
(125, 'LY', 'Libyan Arab Jamahiriya', '0000-00-00 00:00:00', '0000-00-00 00:00:00'),
(126, 'LI', 'Liechtenstein', '0000-00-00 00:00:00', '0000-00-00 00:00:00'),
(127, 'LT', 'Lithuania', '0000-00-00 00:00:00', '0000-00-00 00:00:00'),
(128, 'LU', 'Luxembourg', '0000-00-00 00:00:00', '0000-00-00 00:00:00'),
(129, 'MO', 'Macau', '0000-00-00 00:00:00', '0000-00-00 00:00:00'),
(130, 'MK', 'Macedonia', '0000-00-00 00:00:00', '0000-00-00 00:00:00'),
(131, 'MG', 'Madagascar', '0000-00-00 00:00:00', '0000-00-00 00:00:00'),
(132, 'MW', 'Malawi', '0000-00-00 00:00:00', '0000-00-00 00:00:00'),
(133, 'MY', 'Malaysia', '0000-00-00 00:00:00', '0000-00-00 00:00:00'),
(134, 'MV', 'Maldives', '0000-00-00 00:00:00', '0000-00-00 00:00:00'),
(135, 'ML', 'Mali', '0000-00-00 00:00:00', '0000-00-00 00:00:00'),
(136, 'MT', 'Malta', '0000-00-00 00:00:00', '0000-00-00 00:00:00'),
(137, 'MH', 'Marshall Islands', '0000-00-00 00:00:00', '0000-00-00 00:00:00'),
(138, 'MQ', 'Martinique', '0000-00-00 00:00:00', '0000-00-00 00:00:00'),
(139, 'MR', 'Mauritania', '0000-00-00 00:00:00', '0000-00-00 00:00:00'),
(140, 'MU', 'Mauritius', '0000-00-00 00:00:00', '0000-00-00 00:00:00'),
(141, 'TY', 'Mayotte', '0000-00-00 00:00:00', '0000-00-00 00:00:00'),
(142, 'MX', 'Mexico', '0000-00-00 00:00:00', '0000-00-00 00:00:00'),
(143, 'FM', 'Micronesia, Federated States of', '0000-00-00 00:00:00', '0000-00-00 00:00:00'),
(144, 'MD', 'Moldova, Republic of', '0000-00-00 00:00:00', '0000-00-00 00:00:00'),
(145, 'MC', 'Monaco', '0000-00-00 00:00:00', '0000-00-00 00:00:00'),
(146, 'MN', 'Mongolia', '0000-00-00 00:00:00', '0000-00-00 00:00:00'),
(147, 'ME', 'Montenegro', '0000-00-00 00:00:00', '0000-00-00 00:00:00'),
(148, 'MS', 'Montserrat', '0000-00-00 00:00:00', '0000-00-00 00:00:00'),
(149, 'MA', 'Morocco', '0000-00-00 00:00:00', '0000-00-00 00:00:00'),
(150, 'MZ', 'Mozambique', '0000-00-00 00:00:00', '0000-00-00 00:00:00'),
(151, 'MM', 'Myanmar', '0000-00-00 00:00:00', '0000-00-00 00:00:00'),
(152, 'NA', 'Namibia', '0000-00-00 00:00:00', '0000-00-00 00:00:00'),
(153, 'NR', 'Nauru', '0000-00-00 00:00:00', '0000-00-00 00:00:00'),
(154, 'NP', 'Nepal', '0000-00-00 00:00:00', '0000-00-00 00:00:00'),
(155, 'NL', 'Netherlands', '0000-00-00 00:00:00', '0000-00-00 00:00:00'),
(156, 'AN', 'Netherlands Antilles', '0000-00-00 00:00:00', '0000-00-00 00:00:00'),
(157, 'NC', 'New Caledonia', '0000-00-00 00:00:00', '0000-00-00 00:00:00'),
(158, 'NZ', 'New Zealand', '0000-00-00 00:00:00', '0000-00-00 00:00:00'),
(159, 'NI', 'Nicaragua', '0000-00-00 00:00:00', '0000-00-00 00:00:00'),
(160, 'NE', 'Niger', '0000-00-00 00:00:00', '0000-00-00 00:00:00'),
(161, 'NG', 'Nigeria', '0000-00-00 00:00:00', '0000-00-00 00:00:00'),
(162, 'NU', 'Niue', '0000-00-00 00:00:00', '0000-00-00 00:00:00'),
(163, 'NF', 'Norfolk Island', '0000-00-00 00:00:00', '0000-00-00 00:00:00'),
(164, 'MP', 'Northern Mariana Islands', '0000-00-00 00:00:00', '0000-00-00 00:00:00'),
(165, 'NO', 'Norway', '0000-00-00 00:00:00', '0000-00-00 00:00:00'),
(166, 'OM', 'Oman', '0000-00-00 00:00:00', '0000-00-00 00:00:00'),
(167, 'PK', 'Pakistan', '0000-00-00 00:00:00', '0000-00-00 00:00:00'),
(168, 'PW', 'Palau', '0000-00-00 00:00:00', '0000-00-00 00:00:00'),
(169, 'PS', 'Palestine', '0000-00-00 00:00:00', '0000-00-00 00:00:00'),
(170, 'PA', 'Panama', '0000-00-00 00:00:00', '0000-00-00 00:00:00'),
(171, 'PG', 'Papua New Guinea', '0000-00-00 00:00:00', '0000-00-00 00:00:00'),
(172, 'PY', 'Paraguay', '0000-00-00 00:00:00', '0000-00-00 00:00:00'),
(173, 'PE', 'Peru', '0000-00-00 00:00:00', '0000-00-00 00:00:00'),
(174, 'PH', 'Philippines', '0000-00-00 00:00:00', '0000-00-00 00:00:00'),
(175, 'PN', 'Pitcairn', '0000-00-00 00:00:00', '0000-00-00 00:00:00'),
(176, 'PL', 'Poland', '0000-00-00 00:00:00', '0000-00-00 00:00:00'),
(177, 'PT', 'Portugal', '0000-00-00 00:00:00', '0000-00-00 00:00:00'),
(178, 'PR', 'Puerto Rico', '0000-00-00 00:00:00', '0000-00-00 00:00:00'),
(179, 'QA', 'Qatar', '0000-00-00 00:00:00', '0000-00-00 00:00:00'),
(180, 'RE', 'Reunion', '0000-00-00 00:00:00', '0000-00-00 00:00:00'),
(181, 'RO', 'Romania', '0000-00-00 00:00:00', '0000-00-00 00:00:00'),
(182, 'RU', 'Russian Federation', '0000-00-00 00:00:00', '0000-00-00 00:00:00'),
(183, 'RW', 'Rwanda', '0000-00-00 00:00:00', '0000-00-00 00:00:00'),
(184, 'KN', 'Saint Kitts and Nevis', '0000-00-00 00:00:00', '0000-00-00 00:00:00'),
(185, 'LC', 'Saint Lucia', '0000-00-00 00:00:00', '0000-00-00 00:00:00'),
(186, 'VC', 'Saint Vincent and the Grenadines', '0000-00-00 00:00:00', '0000-00-00 00:00:00'),
(187, 'WS', 'Samoa', '0000-00-00 00:00:00', '0000-00-00 00:00:00'),
(188, 'SM', 'San Marino', '0000-00-00 00:00:00', '0000-00-00 00:00:00'),
(189, 'ST', 'Sao Tome and Principe', '0000-00-00 00:00:00', '0000-00-00 00:00:00'),
(190, 'SA', 'Saudi Arabia', '0000-00-00 00:00:00', '0000-00-00 00:00:00'),
(191, 'SN', 'Senegal', '0000-00-00 00:00:00', '0000-00-00 00:00:00'),
(192, 'RS', 'Serbia', '0000-00-00 00:00:00', '0000-00-00 00:00:00'),
(193, 'SC', 'Seychelles', '0000-00-00 00:00:00', '0000-00-00 00:00:00'),
(194, 'SL', 'Sierra Leone', '0000-00-00 00:00:00', '0000-00-00 00:00:00'),
(195, 'SG', 'Singapore', '0000-00-00 00:00:00', '0000-00-00 00:00:00'),
(196, 'SK', 'Slovakia', '0000-00-00 00:00:00', '0000-00-00 00:00:00'),
(197, 'SI', 'Slovenia', '0000-00-00 00:00:00', '0000-00-00 00:00:00'),
(198, 'SB', 'Solomon Islands', '0000-00-00 00:00:00', '0000-00-00 00:00:00'),
(199, 'SO', 'Somalia', '0000-00-00 00:00:00', '0000-00-00 00:00:00'),
(200, 'ZA', 'South Africa', '0000-00-00 00:00:00', '0000-00-00 00:00:00'),
(201, 'GS', 'South Georgia South Sandwich Islands', '0000-00-00 00:00:00', '0000-00-00 00:00:00'),
(202, 'ES', 'Spain', '0000-00-00 00:00:00', '0000-00-00 00:00:00'),
(203, 'LK', 'Sri Lanka', '0000-00-00 00:00:00', '0000-00-00 00:00:00'),
(204, 'SH', 'St. Helena', '0000-00-00 00:00:00', '0000-00-00 00:00:00'),
(205, 'PM', 'St. Pierre and Miquelon', '0000-00-00 00:00:00', '0000-00-00 00:00:00'),
(206, 'SD', 'Sudan', '0000-00-00 00:00:00', '0000-00-00 00:00:00'),
(207, 'SR', 'Suriname', '0000-00-00 00:00:00', '0000-00-00 00:00:00'),
(208, 'SJ', 'Svalbard and Jan Mayen Islands', '0000-00-00 00:00:00', '0000-00-00 00:00:00'),
(209, 'SZ', 'Swaziland', '0000-00-00 00:00:00', '0000-00-00 00:00:00'),
(210, 'SE', 'Sweden', '0000-00-00 00:00:00', '0000-00-00 00:00:00'),
(211, 'CH', 'Switzerland', '0000-00-00 00:00:00', '0000-00-00 00:00:00'),
(212, 'SY', 'Syrian Arab Republic', '0000-00-00 00:00:00', '0000-00-00 00:00:00'),
(213, 'TW', 'Taiwan', '0000-00-00 00:00:00', '0000-00-00 00:00:00'),
(214, 'TJ', 'Tajikistan', '0000-00-00 00:00:00', '0000-00-00 00:00:00'),
(215, 'TZ', 'Tanzania, United Republic of', '0000-00-00 00:00:00', '0000-00-00 00:00:00'),
(216, 'TH', 'Thailand', '0000-00-00 00:00:00', '0000-00-00 00:00:00'),
(217, 'TG', 'Togo', '0000-00-00 00:00:00', '0000-00-00 00:00:00'),
(218, 'TK', 'Tokelau', '0000-00-00 00:00:00', '0000-00-00 00:00:00'),
(219, 'TO', 'Tonga', '0000-00-00 00:00:00', '0000-00-00 00:00:00'),
(220, 'TT', 'Trinidad and Tobago', '0000-00-00 00:00:00', '0000-00-00 00:00:00'),
(221, 'TN', 'Tunisia', '0000-00-00 00:00:00', '0000-00-00 00:00:00'),
(222, 'TR', 'Turkey', '0000-00-00 00:00:00', '0000-00-00 00:00:00'),
(223, 'TM', 'Turkmenistan', '0000-00-00 00:00:00', '0000-00-00 00:00:00'),
(224, 'TC', 'Turks and Caicos Islands', '0000-00-00 00:00:00', '0000-00-00 00:00:00'),
(225, 'TV', 'Tuvalu', '0000-00-00 00:00:00', '0000-00-00 00:00:00'),
(226, 'UG', 'Uganda', '0000-00-00 00:00:00', '0000-00-00 00:00:00'),
(227, 'UA', 'Ukraine', '0000-00-00 00:00:00', '0000-00-00 00:00:00'),
(228, 'AE', 'United Arab Emirates', '0000-00-00 00:00:00', '0000-00-00 00:00:00'),
(229, 'GB', 'United Kingdom', '0000-00-00 00:00:00', '0000-00-00 00:00:00'),
(230, 'US', 'United States', '0000-00-00 00:00:00', '0000-00-00 00:00:00'),
(231, 'UM', 'United States minor outlying islands', '0000-00-00 00:00:00', '0000-00-00 00:00:00'),
(232, 'UY', 'Uruguay', '0000-00-00 00:00:00', '0000-00-00 00:00:00'),
(233, 'UZ', 'Uzbekistan', '0000-00-00 00:00:00', '0000-00-00 00:00:00'),
(234, 'VU', 'Vanuatu', '0000-00-00 00:00:00', '0000-00-00 00:00:00'),
(235, 'VA', 'Vatican City State', '0000-00-00 00:00:00', '0000-00-00 00:00:00'),
(236, 'VE', 'Venezuela', '0000-00-00 00:00:00', '0000-00-00 00:00:00'),
(237, 'VN', 'Vietnam', '0000-00-00 00:00:00', '0000-00-00 00:00:00'),
(238, 'VG', 'Virgin Islands (British)', '0000-00-00 00:00:00', '0000-00-00 00:00:00'),
(239, 'VI', 'Virgin Islands (U.S.)', '0000-00-00 00:00:00', '0000-00-00 00:00:00'),
(240, 'WF', 'Wallis and Futuna Islands', '0000-00-00 00:00:00', '0000-00-00 00:00:00'),
(241, 'EH', 'Western Sahara', '0000-00-00 00:00:00', '0000-00-00 00:00:00'),
(242, 'YE', 'Yemen', '0000-00-00 00:00:00', '0000-00-00 00:00:00'),
(243, 'YU', 'Yugoslavia', '0000-00-00 00:00:00', '0000-00-00 00:00:00'),
(244, 'ZR', 'Zaire', '0000-00-00 00:00:00', '0000-00-00 00:00:00'),
(245, 'ZM', 'Zambia', '0000-00-00 00:00:00', '0000-00-00 00:00:00'),
(246, 'ZW', 'Zimbabwe', '0000-00-00 00:00:00', '0000-00-00 00:00:00');

-- --------------------------------------------------------

--
-- Table structure for table `customers`
--

CREATE TABLE IF NOT EXISTS `customers` (
`id` int(10) unsigned NOT NULL,
  `customer_number` int(11) NOT NULL,
  `name` varchar(255) COLLATE utf8_unicode_ci NOT NULL,
  `shipping_address` varchar(255) COLLATE utf8_unicode_ci NOT NULL,
  `shipping_city` varchar(50) COLLATE utf8_unicode_ci NOT NULL,
  `shipping_state` varchar(50) COLLATE utf8_unicode_ci NOT NULL,
  `shipping_zipcode` varchar(20) COLLATE utf8_unicode_ci NOT NULL,
  `shipping_phone` varchar(20) COLLATE utf8_unicode_ci NOT NULL,
  `shipping_fax` varchar(20) COLLATE utf8_unicode_ci NOT NULL,
  `billing_address` varchar(255) COLLATE utf8_unicode_ci NOT NULL,
  `billing_city` varchar(50) COLLATE utf8_unicode_ci NOT NULL,
  `billing_state` varchar(50) COLLATE utf8_unicode_ci NOT NULL,
  `billing_zipcode` varchar(20) COLLATE utf8_unicode_ci NOT NULL,
  `billing_phone` varchar(20) COLLATE utf8_unicode_ci NOT NULL,
  `billing_fax` varchar(20) COLLATE utf8_unicode_ci NOT NULL,
  `created_at` timestamp NOT NULL DEFAULT '0000-00-00 00:00:00',
  `updated_at` timestamp NOT NULL DEFAULT '0000-00-00 00:00:00',
  `deleted_at` timestamp NULL DEFAULT NULL,
  `organization_id` int(11) NOT NULL DEFAULT '0'
) ENGINE=InnoDB AUTO_INCREMENT=5 DEFAULT CHARSET=utf8 COLLATE=utf8_unicode_ci;

--
-- Dumping data for table `customers`
--

INSERT INTO `customers` (`id`, `customer_number`, `name`, `shipping_address`, `shipping_city`, `shipping_state`, `shipping_zipcode`, `shipping_phone`, `shipping_fax`, `billing_address`, `billing_city`, `billing_state`, `billing_zipcode`, `billing_phone`, `billing_fax`, `created_at`, `updated_at`, `deleted_at`, `organization_id`) VALUES
(1, 1000, 'Hadden Scott', 'h8 street 4 ghazi road', 'Lahore', 'Punjab', '51800', '03344219010', '03344219010', 'h8 street 4 ghazi road', 'Lahore', 'Punjab', '51800', '03344219010', '03344219010', '0000-00-00 00:00:00', '0000-00-00 00:00:00', NULL, 5),
(2, 1001, 'Lee Austin', 'house 6 link road', 'Lahore', 'Punjab', '51800', '03344219010', '03344219010', 'house 6 link road', 'Lahore', 'Punjab', '51800', '03344219010', '03344219010', '0000-00-00 00:00:00', '0000-00-00 00:00:00', NULL, 0),
(3, 333, 'dssd', 'asf', 'asdf', 'asdf', '51222', '2342342', '23423423', 'asf', 'asdf', 'asdf', '51222', '2342342', '23423423', '2015-11-23 13:42:54', '2015-11-24 08:51:03', '2015-11-24 08:51:03', 0),
(4, 2000, 'Lee Austin', '123 N, 19th Avenue', 'New York', 'AZ', '85015', '923008414647', '(999)999-8888', '123 N, 19th Avenue', 'New York', 'AZ', '85015', '923008414647', '(999)999-8888', '2015-12-15 11:37:58', '2015-12-16 04:37:06', NULL, 5);

-- --------------------------------------------------------

--
-- Table structure for table `customers_billings`
--

CREATE TABLE IF NOT EXISTS `customers_billings` (
`id` int(10) unsigned NOT NULL,
  `customer_id` int(11) NOT NULL,
  `bill_type` varchar(100) COLLATE utf8_unicode_ci NOT NULL,
  `terms` varchar(100) COLLATE utf8_unicode_ci NOT NULL,
  `due_date` int(11) NOT NULL,
  `created_at` timestamp NOT NULL DEFAULT '0000-00-00 00:00:00',
  `updated_at` timestamp NOT NULL DEFAULT '0000-00-00 00:00:00',
  `organization_id` int(11) NOT NULL DEFAULT '0'
) ENGINE=InnoDB AUTO_INCREMENT=3 DEFAULT CHARSET=utf8 COLLATE=utf8_unicode_ci;

--
-- Dumping data for table `customers_billings`
--

INSERT INTO `customers_billings` (`id`, `customer_id`, `bill_type`, `terms`, `due_date`, `created_at`, `updated_at`, `organization_id`) VALUES
(1, 1, 'Out', '15 days', 2015, '2015-11-23 13:42:54', '2015-11-23 13:42:54', 0),
(2, 4, 'Out', '15 days', 0, '2015-12-15 11:37:58', '2015-12-15 11:37:58', 5);

-- --------------------------------------------------------

--
-- Table structure for table `customers_departments`
--

CREATE TABLE IF NOT EXISTS `customers_departments` (
`id` int(10) unsigned NOT NULL,
  `customer_id` int(11) NOT NULL,
  `department_name` varchar(50) COLLATE utf8_unicode_ci NOT NULL,
  `created_at` timestamp NOT NULL DEFAULT '0000-00-00 00:00:00',
  `updated_at` timestamp NOT NULL DEFAULT '0000-00-00 00:00:00',
  `organization_id` int(11) NOT NULL DEFAULT '0'
) ENGINE=InnoDB AUTO_INCREMENT=3 DEFAULT CHARSET=utf8 COLLATE=utf8_unicode_ci;

--
-- Dumping data for table `customers_departments`
--

INSERT INTO `customers_departments` (`id`, `customer_id`, `department_name`, `created_at`, `updated_at`, `organization_id`) VALUES
(1, 1, 'ICU', '0000-00-00 00:00:00', '0000-00-00 00:00:00', 5),
(2, 1, 'CTU', '0000-00-00 00:00:00', '0000-00-00 00:00:00', 5);

-- --------------------------------------------------------

--
-- Table structure for table `customers_incoming_carts_items`
--

CREATE TABLE IF NOT EXISTS `customers_incoming_carts_items` (
`id` int(10) unsigned NOT NULL,
  `incoming_cart_id` int(11) NOT NULL,
  `item_id` int(11) NOT NULL,
  `quantity` int(11) NOT NULL,
  `created_at` timestamp NOT NULL DEFAULT '0000-00-00 00:00:00',
  `updated_at` timestamp NOT NULL DEFAULT '0000-00-00 00:00:00',
  `organization_id` int(11) NOT NULL DEFAULT '0'
) ENGINE=InnoDB AUTO_INCREMENT=47 DEFAULT CHARSET=utf8 COLLATE=utf8_unicode_ci;

--
-- Dumping data for table `customers_incoming_carts_items`
--

INSERT INTO `customers_incoming_carts_items` (`id`, `incoming_cart_id`, `item_id`, `quantity`, `created_at`, `updated_at`, `organization_id`) VALUES
(1, 1, 2, 4, '2015-11-13 08:10:52', '2015-11-13 08:10:52', 0),
(2, 1, 1, 3, '2015-11-13 08:10:52', '2015-11-13 08:10:52', 0),
(3, 2, 1, 2, '2015-11-13 09:04:02', '2015-11-13 09:04:02', 0),
(4, 2, 2, 3, '2015-11-13 09:04:03', '2015-11-13 09:04:03', 0),
(5, 3, 2, 4, '2015-11-30 06:40:50', '2015-11-30 06:40:50', 0),
(6, 4, 5, 4, '2015-12-15 11:39:02', '2015-12-15 11:39:02', 5),
(7, 4, 21, 2, '2015-12-15 11:39:02', '2015-12-15 11:39:02', 5),
(8, 5, 5, 2, '2015-12-15 12:46:41', '2015-12-15 12:46:41', 5),
(9, 5, 21, 3, '2015-12-15 12:46:41', '2015-12-15 12:46:41', 5),
(10, 6, 5, 4, '2015-12-16 11:27:02', '2015-12-16 11:27:02', 5),
(11, 7, 5, 4, '2015-12-29 04:05:35', '2015-12-29 04:05:35', 5),
(12, 8, 5, 5, '2015-12-29 04:09:34', '2015-12-29 04:09:34', 5),
(13, 9, 5, 5, '2015-12-29 04:12:33', '2015-12-29 04:12:33', 5),
(14, 10, 5, 4, '2015-12-29 04:13:55', '2015-12-29 04:13:55', 5),
(15, 11, 5, 3, '2015-12-29 04:26:26', '2015-12-29 04:26:26', 5),
(16, 12, 5, 4, '2015-12-29 04:27:18', '2015-12-29 04:27:18', 5),
(17, 13, 5, 4, '2015-12-29 04:31:19', '2015-12-29 04:31:19', 5),
(18, 14, 5, 4, '2015-12-29 04:31:46', '2015-12-29 04:31:46', 5),
(19, 15, 5, 4, '2015-12-29 04:33:32', '2015-12-29 04:33:32', 5),
(20, 16, 5, 2, '2015-12-29 04:33:50', '2015-12-29 04:33:50', 5),
(21, 17, 5, 4, '2015-12-29 05:27:59', '2015-12-29 05:27:59', 5),
(22, 18, 5, 4, '2015-12-29 05:28:12', '2015-12-29 05:28:12', 5),
(23, 19, 5, 4, '2015-12-29 05:28:48', '2015-12-29 05:28:48', 5),
(24, 20, 5, 4, '2015-12-29 05:42:54', '2015-12-29 05:42:54', 5),
(25, 21, 5, 4, '2015-12-29 05:44:09', '2015-12-29 05:44:09', 5),
(26, 22, 5, 4, '2015-12-29 05:59:09', '2015-12-29 05:59:09', 5),
(27, 23, 5, 4, '2015-12-29 06:00:00', '2015-12-29 06:00:00', 5),
(28, 24, 5, 4, '2015-12-29 07:03:41', '2015-12-29 07:03:41', 5),
(29, 25, 5, 4, '2015-12-29 07:05:02', '2015-12-29 07:05:02', 5),
(30, 26, 5, 4, '2015-12-29 10:11:34', '2015-12-29 10:11:34', 5),
(31, 27, 5, 2, '2015-12-29 10:29:25', '2015-12-29 10:29:25', 5),
(32, 28, 5, 4, '2015-12-29 10:30:25', '2015-12-29 10:30:25', 5),
(33, 29, 5, 2, '2015-12-30 03:27:25', '2015-12-30 03:27:25', 5),
(34, 30, 5, 2, '2015-12-30 03:28:37', '2015-12-30 03:28:37', 5),
(35, 31, 5, 2, '2015-12-30 03:32:09', '2015-12-30 03:32:09', 5),
(36, 32, 5, 2, '2015-12-30 03:33:43', '2015-12-30 03:33:43', 5),
(37, 33, 5, 2, '2015-12-30 03:35:18', '2015-12-30 03:35:18', 5),
(38, 34, 5, 3, '2015-12-30 03:46:36', '2015-12-30 03:46:36', 5),
(39, 35, 5, 3, '2015-12-30 03:47:53', '2015-12-30 03:47:53', 5),
(40, 36, 5, 4, '2015-12-30 03:51:13', '2015-12-30 03:51:13', 5),
(41, 37, 5, 4, '2015-12-30 04:19:31', '2015-12-30 04:19:31', 5),
(42, 38, 5, 4, '2015-12-30 04:24:35', '2015-12-30 04:24:35', 5),
(43, 39, 5, 4, '2015-12-30 04:56:08', '2015-12-30 04:56:08', 5),
(44, 40, 5, 1, '2015-12-30 04:58:06', '2015-12-30 04:58:06', 5),
(45, 41, 5, 4, '2015-12-30 04:59:54', '2015-12-30 04:59:54', 5),
(46, 42, 5, 4, '2015-12-30 05:12:27', '2015-12-30 05:12:27', 5);

-- --------------------------------------------------------

--
-- Table structure for table `customers_items`
--

CREATE TABLE IF NOT EXISTS `customers_items` (
`id` int(10) unsigned NOT NULL,
  `customer_id` int(11) NOT NULL,
  `item_id` int(11) NOT NULL,
  `taxable` tinyint(4) NOT NULL,
  `billing_by` tinyint(4) NOT NULL,
  `created_at` timestamp NOT NULL DEFAULT '0000-00-00 00:00:00',
  `updated_at` timestamp NOT NULL DEFAULT '0000-00-00 00:00:00',
  `price` decimal(15,4) NOT NULL,
  `custom_price` int(11) NOT NULL,
  `organization_id` int(11) NOT NULL DEFAULT '0',
  `billing_by_generic` int(11) NOT NULL
) ENGINE=InnoDB AUTO_INCREMENT=13 DEFAULT CHARSET=utf8 COLLATE=utf8_unicode_ci;

--
-- Dumping data for table `customers_items`
--

INSERT INTO `customers_items` (`id`, `customer_id`, `item_id`, `taxable`, `billing_by`, `created_at`, `updated_at`, `price`, `custom_price`, `organization_id`, `billing_by_generic`) VALUES
(1, 1, 2, 0, 0, '2015-11-28 19:00:00', '0000-00-00 00:00:00', '20.0000', 2, 0, 0),
(2, 1, 1, 0, 0, '2015-11-23 19:00:00', '0000-00-00 00:00:00', '15.0000', 2, 0, 0),
(3, 3, 1, 1, 2, '2015-11-23 13:42:54', '2015-11-23 13:42:54', '20.0000', 2, 0, 0),
(4, 3, 2, 1, 2, '2015-11-23 13:42:55', '2015-11-23 13:42:55', '5.0000', 2, 0, 0),
(11, 4, 5, 1, 0, '2015-12-31 02:07:44', '2015-12-31 02:07:44', '0.0000', 0, 5, 0),
(12, 4, 66, 1, 0, '2015-12-31 02:07:44', '2015-12-31 02:07:44', '0.0000', 0, 5, 0);

-- --------------------------------------------------------

--
-- Table structure for table `customers_outgoing_carts_items`
--

CREATE TABLE IF NOT EXISTS `customers_outgoing_carts_items` (
`id` int(10) unsigned NOT NULL,
  `outgoing_cart_id` int(11) NOT NULL,
  `item_id` int(11) NOT NULL,
  `quantity` int(11) NOT NULL,
  `created_at` timestamp NOT NULL DEFAULT '0000-00-00 00:00:00',
  `updated_at` timestamp NOT NULL DEFAULT '0000-00-00 00:00:00',
  `organization_id` int(11) NOT NULL DEFAULT '0'
) ENGINE=InnoDB AUTO_INCREMENT=3 DEFAULT CHARSET=utf8 COLLATE=utf8_unicode_ci;

--
-- Dumping data for table `customers_outgoing_carts_items`
--

INSERT INTO `customers_outgoing_carts_items` (`id`, `outgoing_cart_id`, `item_id`, `quantity`, `created_at`, `updated_at`, `organization_id`) VALUES
(1, 1, 1, 10, '2015-11-21 19:00:00', '0000-00-00 00:00:00', 0),
(2, 1, 2, 5, '2015-11-28 19:00:00', '0000-00-00 00:00:00', 0);

-- --------------------------------------------------------

--
-- Table structure for table `customers_taxes`
--

CREATE TABLE IF NOT EXISTS `customers_taxes` (
`id` int(10) unsigned NOT NULL,
  `customer_id` int(11) NOT NULL,
  `tax_id` int(11) NOT NULL,
  `exempt_certificate` varchar(255) COLLATE utf8_unicode_ci NOT NULL,
  `reseller_number` bigint(20) NOT NULL,
  `created_at` timestamp NOT NULL DEFAULT '0000-00-00 00:00:00',
  `updated_at` timestamp NOT NULL DEFAULT '0000-00-00 00:00:00',
  `taxable` int(11) NOT NULL,
  `organization_id` int(11) NOT NULL DEFAULT '0'
) ENGINE=InnoDB AUTO_INCREMENT=3 DEFAULT CHARSET=utf8 COLLATE=utf8_unicode_ci;

--
-- Dumping data for table `customers_taxes`
--

INSERT INTO `customers_taxes` (`id`, `customer_id`, `tax_id`, `exempt_certificate`, `reseller_number`, `created_at`, `updated_at`, `taxable`, `organization_id`) VALUES
(1, 1, 1, '', 0, '2015-11-23 13:42:54', '2015-11-23 13:42:54', 1, 0),
(2, 4, 50, '', 0, '2015-12-15 11:37:58', '2015-12-15 11:37:58', 1, 5);

-- --------------------------------------------------------

--
-- Table structure for table `incoming_carts`
--

CREATE TABLE IF NOT EXISTS `incoming_carts` (
`id` int(10) unsigned NOT NULL,
  `customer_id` int(11) NOT NULL,
  `department_id` int(11) NOT NULL,
  `cart_id` int(11) NOT NULL,
  `receiving_date` date NOT NULL,
  `gross_weight` decimal(5,2) NOT NULL,
  `net_weight` decimal(5,2) NOT NULL,
  `status` varchar(20) COLLATE utf8_unicode_ci NOT NULL,
  `is_exchange_cart` tinyint(4) NOT NULL,
  `created_at` timestamp NOT NULL DEFAULT '0000-00-00 00:00:00',
  `updated_at` timestamp NOT NULL DEFAULT '0000-00-00 00:00:00',
  `organization_id` int(11) NOT NULL DEFAULT '0',
  `invoiced` tinyint(4) NOT NULL DEFAULT '0'
) ENGINE=InnoDB AUTO_INCREMENT=43 DEFAULT CHARSET=utf8 COLLATE=utf8_unicode_ci;

--
-- Dumping data for table `incoming_carts`
--

INSERT INTO `incoming_carts` (`id`, `customer_id`, `department_id`, `cart_id`, `receiving_date`, `gross_weight`, `net_weight`, `status`, `is_exchange_cart`, `created_at`, `updated_at`, `organization_id`, `invoiced`) VALUES
(1, 1, 1, 1, '2015-12-26', '150.00', '300.00', 'In', 1, '2015-11-13 08:10:51', '2015-12-16 07:26:50', 5, 1),
(2, 1, 1, 1, '2015-12-16', '165.00', '15.00', 'In', 1, '2015-11-13 09:04:02', '2015-12-16 07:26:50', 5, 1),
(3, 1, 0, 2, '2015-12-20', '200.00', '260.00', 'In', 0, '2015-11-30 06:40:50', '2015-12-16 07:26:50', 5, 1),
(4, 4, 0, 2002, '2015-12-15', '200.00', '0.00', 'In', 0, '2015-12-15 11:39:02', '2015-12-15 12:52:54', 5, 1),
(5, 4, 0, 2003, '2015-12-15', '200.00', '125.00', 'In', 0, '2015-12-15 12:46:41', '2015-12-15 12:52:54', 5, 1),
(6, 4, 0, 2004, '2015-12-16', '200.00', '100.00', 'In', 0, '2015-12-16 11:27:02', '2015-12-16 11:27:25', 5, 1),
(7, 4, 0, 2005, '2015-12-29', '500.00', '300.00', 'In', 0, '2015-12-29 04:05:35', '2015-12-29 04:05:35', 5, 0),
(8, 4, 0, 2006, '2015-12-29', '500.00', '300.00', 'In', 0, '2015-12-29 04:09:34', '2015-12-29 04:09:34', 5, 0),
(9, 4, 0, 2007, '2015-12-29', '300.00', '100.00', 'In', 0, '2015-12-29 04:12:33', '2015-12-29 04:12:33', 5, 0),
(10, 4, 0, 2008, '2015-12-29', '500.00', '300.00', 'In', 0, '2015-12-29 04:13:55', '2015-12-29 04:13:55', 5, 0),
(11, 4, 0, 2009, '2015-12-29', '500.00', '300.00', 'In', 0, '2015-12-29 04:26:26', '2015-12-29 04:26:26', 5, 0),
(12, 4, 0, 2010, '2015-12-29', '500.00', '300.00', 'In', 0, '2015-12-29 04:27:18', '2015-12-29 04:27:18', 5, 0),
(13, 4, 0, 2011, '2015-12-29', '500.00', '300.00', 'In', 0, '2015-12-29 04:31:19', '2015-12-29 04:31:19', 5, 0),
(14, 4, 0, 2011, '2015-12-29', '500.00', '300.00', 'In', 0, '2015-12-29 04:31:46', '2015-12-29 04:31:46', 5, 0),
(15, 4, 0, 2011, '2015-12-29', '500.00', '300.00', 'In', 0, '2015-12-29 04:33:31', '2015-12-29 04:33:31', 5, 0),
(16, 4, 0, 2014, '2015-12-29', '500.00', '300.00', 'In', 0, '2015-12-29 04:33:50', '2015-12-29 04:33:50', 5, 0),
(17, 4, 0, 2015, '2015-12-29', '500.00', '300.00', 'In', 0, '2015-12-29 05:27:59', '2015-12-29 05:27:59', 5, 0),
(18, 4, 0, 2015, '2015-12-29', '500.00', '300.00', 'In', 0, '2015-12-29 05:28:12', '2015-12-29 05:28:12', 5, 0),
(19, 4, 0, 2017, '2015-12-29', '500.00', '300.00', 'In', 0, '2015-12-29 05:28:48', '2015-12-29 05:28:48', 5, 0),
(20, 4, 0, 2018, '2015-12-29', '300.00', '100.00', 'In', 0, '2015-12-29 05:42:54', '2015-12-29 05:42:54', 5, 0),
(21, 4, 0, 2019, '2015-12-29', '300.00', '100.00', 'In', 0, '2015-12-29 05:44:08', '2015-12-29 05:44:08', 5, 0),
(22, 4, 0, 2020, '2015-12-29', '300.00', '100.00', 'In', 0, '2015-12-29 05:59:09', '2015-12-29 05:59:09', 5, 0),
(23, 4, 0, 2020, '2015-12-29', '300.00', '100.00', 'In', 0, '2015-12-29 06:00:00', '2015-12-29 06:00:00', 5, 0),
(24, 4, 0, 2022, '2015-12-29', '500.00', '300.00', 'In', 0, '2015-12-29 07:03:41', '2015-12-29 07:03:41', 5, 0),
(25, 4, 0, 2023, '2015-12-29', '500.00', '300.00', 'In', 0, '2015-12-29 07:05:02', '2015-12-29 07:05:02', 5, 0),
(26, 4, 0, 2024, '1970-01-01', '500.00', '300.00', 'In', 0, '2015-12-29 10:11:34', '2015-12-29 10:11:34', 5, 0),
(27, 4, 0, 2035, '2015-12-29', '300.00', '100.00', 'In', 0, '2015-12-29 10:29:25', '2015-12-29 10:29:25', 5, 0),
(28, 4, 0, 2036, '2015-12-30', '300.00', '100.00', 'In', 0, '2015-12-29 10:30:25', '2015-12-29 10:30:25', 5, 0),
(29, 4, 0, 2037, '2015-12-30', '600.00', '400.00', 'In', 0, '2015-12-30 03:27:25', '2015-12-30 03:27:25', 5, 0),
(30, 4, 0, 2038, '2015-12-30', '500.00', '300.00', 'In', 0, '2015-12-30 03:28:37', '2015-12-30 03:28:37', 5, 0),
(31, 4, 0, 2039, '2015-12-30', '999.99', '999.99', 'In', 0, '2015-12-30 03:32:09', '2015-12-30 03:32:09', 5, 0),
(32, 4, 0, 2040, '2015-12-30', '999.99', '999.99', 'In', 0, '2015-12-30 03:33:43', '2015-12-30 03:33:43', 5, 0),
(33, 4, 0, 2041, '2015-12-30', '999.99', '999.99', 'In', 0, '2015-12-30 03:35:18', '2015-12-30 03:35:18', 5, 0),
(34, 4, 0, 2042, '2015-12-30', '500.00', '300.00', 'In', 0, '2015-12-30 03:46:36', '2015-12-30 03:46:36', 5, 0),
(35, 4, 0, 2043, '2015-12-30', '300.00', '100.00', 'In', 0, '2015-12-30 03:47:53', '2015-12-30 03:47:53', 5, 0),
(36, 4, 0, 2044, '2015-12-30', '500.00', '300.00', 'In', 0, '2015-12-30 03:51:13', '2015-12-30 03:51:13', 5, 0),
(37, 4, 0, 2045, '2015-12-30', '300.00', '100.00', 'In', 0, '2015-12-30 04:19:31', '2015-12-30 04:19:31', 5, 0),
(38, 4, 0, 2046, '2015-12-30', '300.00', '100.00', 'In', 0, '2015-12-30 04:24:35', '2015-12-30 04:24:35', 5, 0),
(39, 4, 0, 2047, '2015-12-30', '999.99', '999.99', 'In', 0, '2015-12-30 04:56:08', '2015-12-30 04:56:08', 5, 0),
(40, 4, 0, 2048, '2015-12-30', '300.00', '100.00', 'In', 0, '2015-12-30 04:58:06', '2015-12-30 04:58:06', 5, 0),
(41, 4, 0, 2049, '2015-12-30', '300.00', '100.00', 'In', 0, '2015-12-30 04:59:53', '2015-12-30 04:59:53', 5, 0),
(42, 4, 0, 2050, '2015-12-30', '300.00', '100.00', 'In', 0, '2015-12-30 05:12:27', '2015-12-30 05:12:27', 5, 0);

-- --------------------------------------------------------

--
-- Table structure for table `initial_values`
--

CREATE TABLE IF NOT EXISTS `initial_values` (
`id` int(10) unsigned NOT NULL,
  `organization_id` int(11) NOT NULL,
  `invoice_number` varchar(255) COLLATE utf8_unicode_ci NOT NULL,
  `standard_tare_weight` varchar(255) COLLATE utf8_unicode_ci NOT NULL,
  `cart_number` varchar(255) COLLATE utf8_unicode_ci NOT NULL,
  `created_at` timestamp NOT NULL DEFAULT '0000-00-00 00:00:00',
  `updated_at` timestamp NOT NULL DEFAULT '0000-00-00 00:00:00'
) ENGINE=InnoDB AUTO_INCREMENT=7 DEFAULT CHARSET=utf8 COLLATE=utf8_unicode_ci;

--
-- Dumping data for table `initial_values`
--

INSERT INTO `initial_values` (`id`, `organization_id`, `invoice_number`, `standard_tare_weight`, `cart_number`, `created_at`, `updated_at`) VALUES
(1, 5, '1000', '200', '2051', '2015-11-23 10:04:32', '2015-12-30 05:12:27'),
(2, 7, '', '', '', '2015-12-11 04:18:04', '2015-12-11 04:18:04'),
(3, 8, '1000', '200', '2000', '2015-12-11 04:29:43', '2015-12-11 12:21:36'),
(4, 9, '1000', '200', '2000', '2015-12-23 01:29:25', '2015-12-28 09:56:55'),
(5, 10, '', '', '', '2015-12-23 01:45:06', '2015-12-23 01:45:06'),
(6, 11, '1000', '200', '2000', '2015-12-31 04:20:00', '2016-01-01 11:24:58');

-- --------------------------------------------------------

--
-- Table structure for table `invoices`
--

CREATE TABLE IF NOT EXISTS `invoices` (
`id` int(10) unsigned NOT NULL,
  `invoice_number` int(11) NOT NULL,
  `customer_id` int(11) NOT NULL,
  `department_ids` varchar(255) COLLATE utf8_unicode_ci NOT NULL,
  `manifest_ids` varchar(255) COLLATE utf8_unicode_ci NOT NULL,
  `total_price` decimal(8,2) NOT NULL,
  `total_tax` decimal(8,2) NOT NULL,
  `price` decimal(8,2) NOT NULL,
  `organization_id` int(11) NOT NULL,
  `created_at` timestamp NOT NULL DEFAULT '0000-00-00 00:00:00',
  `updated_at` timestamp NOT NULL DEFAULT '0000-00-00 00:00:00',
  `status` varchar(255) COLLATE utf8_unicode_ci NOT NULL DEFAULT 'Unpaid',
  `due_date` date DEFAULT NULL
) ENGINE=InnoDB DEFAULT CHARSET=utf8 COLLATE=utf8_unicode_ci;

-- --------------------------------------------------------

--
-- Table structure for table `items`
--

CREATE TABLE IF NOT EXISTS `items` (
`id` int(10) unsigned NOT NULL,
  `name` varchar(100) COLLATE utf8_unicode_ci NOT NULL,
  `item_number` int(11) NOT NULL,
  `description` varchar(255) COLLATE utf8_unicode_ci NOT NULL,
  `weight` decimal(15,4) NOT NULL,
  `transaction_type` varchar(255) COLLATE utf8_unicode_ci NOT NULL,
  `created_at` timestamp NOT NULL DEFAULT '0000-00-00 00:00:00',
  `updated_at` timestamp NOT NULL DEFAULT '0000-00-00 00:00:00',
  `organization_id` int(11) NOT NULL DEFAULT '0',
  `deleted_at` timestamp NULL DEFAULT NULL
) ENGINE=InnoDB AUTO_INCREMENT=69 DEFAULT CHARSET=utf8 COLLATE=utf8_unicode_ci;

--
-- Dumping data for table `items`
--

INSERT INTO `items` (`id`, `name`, `item_number`, `description`, `weight`, `transaction_type`, `created_at`, `updated_at`, `organization_id`, `deleted_at`) VALUES
(1, 'Item A', 1000, 'Lorem ipsum', '10.0000', 'In', '0000-00-00 00:00:00', '0000-00-00 00:00:00', 0, NULL),
(2, 'Item B', 1001, 'Lorem ipsum', '15.0000', 'In', '0000-00-00 00:00:00', '0000-00-00 00:00:00', 0, NULL),
(3, 'Item C', 12456, 'Lorem ipusm doler sit', '15.0000', 'In', '2015-12-10 05:27:47', '2015-12-10 05:37:59', 5, NULL),
(4, 'Item F', 1245655, 'Lorem ipusm doler sit', '15.0000', 'In', '2015-12-10 05:33:01', '2015-12-17 03:05:02', 5, '2015-12-17 03:05:02'),
(5, 'Item C', 1245123, 'Lorem ipusm doler sit', '15.0000', 'In', '2015-12-10 06:04:33', '2015-12-10 06:04:33', 5, NULL),
(6, 'Item C', 12451233, 'Lorem ipusm doler sit', '15.0000', 'In', '2015-12-10 06:05:41', '2015-12-10 06:05:41', 5, NULL),
(7, 'Item F', 12332, 'Lorem ipusm doler sit', '2.0000', 'In', '2015-12-10 06:06:52', '2015-12-17 03:10:32', 5, '2015-12-17 03:10:32'),
(8, 'Item F', 1233244, 'Lorem ipusm doler sit', '2.0000', 'In', '2015-12-10 06:07:17', '2015-12-10 06:07:17', 5, NULL),
(9, 'Towel', 122222, 'doller sit', '15.0000', 'In', '2015-12-10 06:07:43', '2015-12-10 06:07:43', 5, NULL),
(10, 'Towel', 1222224, 'doller sit', '15.0000', 'In', '2015-12-10 06:09:14', '2015-12-10 06:09:14', 5, NULL),
(11, 'Towel', 12222, 'doller sit', '15.0000', 'In', '2015-12-10 06:09:49', '2015-12-10 06:09:49', 5, NULL),
(12, 'item gh', 1245633, 'doller sit', '15.0000', 'In', '2015-12-10 06:12:21', '2015-12-10 06:12:21', 5, NULL),
(13, 'item gh sub', 12222456, 'doller sit', '2.0000', 'Out', '2015-12-10 06:14:19', '2015-12-10 06:14:19', 5, NULL),
(14, 'item lg', 1245644, 'Lorem ipusm doler sit', '15.0000', 'In', '2015-12-10 06:14:48', '2015-12-10 06:14:48', 5, NULL),
(15, 'Item Fff', 1245643, 'doller sit', '15.0000', 'In', '2015-12-10 06:16:03', '2015-12-10 06:16:03', 5, NULL),
(16, 'Item Fffe', 124563334, 'Lorem ipusm doler sit', '15.0000', 'In', '2015-12-10 06:16:41', '2015-12-10 06:16:41', 5, NULL),
(17, 'Item Fss', 1245655555, 'doller sit', '2.0000', 'In', '2015-12-10 06:18:10', '2015-12-10 06:18:10', 5, NULL),
(18, 'Item Fgce', 124564343, 'Lorem ipusm doler sit', '25.0000', 'In', '2015-12-10 06:20:49', '2015-12-10 06:20:49', 5, NULL),
(19, 'Item Fff34', 1245698, 'doller sit', '2.0000', 'In', '2015-12-10 06:21:21', '2015-12-10 06:21:21', 5, NULL),
(20, 'Item C', 12456333, 'Lorem ipusm doler sit', '2.0000', 'In', '2015-12-10 06:22:43', '2015-12-10 06:22:43', 5, NULL),
(21, 'Item F1', 1212, 'Lorem ipusm doler sit', '15.0000', 'In', '2015-12-10 06:23:17', '2015-12-10 06:23:17', 5, NULL),
(22, 'Item F2', 1213, 'Lorem ipusm doler sit', '2.0000', 'In', '2015-12-10 06:23:36', '2015-12-10 06:23:36', 5, NULL),
(23, 'Item F3', 1214, 'doller sit', '2.0000', 'In', '2015-12-10 06:23:57', '2015-12-10 06:23:57', 5, NULL),
(24, 'addd', 1245633334, 'doller sit', '15.0000', 'In', '2015-12-10 06:29:50', '2015-12-10 06:29:50', 5, NULL),
(25, 'a1', 1111, 'doller sit', '2.0000', 'In', '2015-12-10 06:32:57', '2015-12-10 06:32:57', 5, NULL),
(26, 'b1', 1112, 'doller sit', '2.0000', 'In', '2015-12-10 06:37:34', '2015-12-10 06:37:34', 5, NULL),
(27, 'b2', 1113, 'doller sit', '2.0000', 'In', '2015-12-10 06:38:02', '2015-12-10 06:38:02', 5, NULL),
(28, 'b3', 1114, 'doller sit', '2.0000', 'In', '2015-12-10 06:38:33', '2015-12-10 06:38:33', 5, NULL),
(29, 'c1', 1115, 'doller sit', '2.0000', 'In', '2015-12-10 06:39:11', '2015-12-10 06:39:11', 5, NULL),
(30, 'c2', 1116, 'doller sit', '15.0000', 'In', '2015-12-10 06:39:26', '2015-12-10 06:39:26', 5, NULL),
(31, 'd1', 111, 'doller sit', '2.0000', 'In', '2015-12-10 06:43:33', '2015-12-10 06:43:33', 5, NULL),
(32, 'e1', 115, 'doller sit', '15.0000', 'In', '2015-12-10 06:44:48', '2015-12-10 06:44:48', 5, NULL),
(33, 'e2', 116, 'Lorem ipusm doler sit', '15.0000', 'In', '2015-12-10 06:45:01', '2015-12-10 06:45:01', 5, NULL),
(34, 'e3', 117, 'doller sit', '2.0000', 'In', '2015-12-10 06:45:27', '2015-12-10 06:45:27', 5, NULL),
(35, 'f1', 122223232, 'Lorem ipusm doler sit', '15.0000', 'In', '2015-12-10 06:49:07', '2015-12-10 06:49:07', 5, NULL),
(36, 'z1', 1245611, 'Lorem ipusm doler sit', '2.0000', 'In', '2015-12-10 06:51:47', '2015-12-10 06:51:47', 5, NULL),
(37, 'Item F', 1212345, 'Lorem ipusm doler sit', '15.0000', 'In', '2015-12-10 07:11:50', '2015-12-10 07:11:50', 5, NULL),
(38, 'Item Css', 12456398, 'doller sit', '2.0000', 'In', '2015-12-10 07:16:11', '2015-12-10 07:16:11', 5, NULL),
(39, 'aaaa', 1223456, 'doller sitaaa', '2.0000', 'In', '2015-12-10 07:19:48', '2015-12-10 07:19:48', 5, NULL),
(52, 'Item F', 111333, 'doller sit', '2.0000', 'In', '2015-12-11 05:25:13', '2015-12-11 05:25:13', 5, NULL),
(53, 'Item AA', 55555, 'lorem pusm', '2.0000', 'In', '2015-12-11 05:26:37', '2015-12-11 05:53:08', 8, NULL),
(54, 'Item 1', 11111, 'Lorem ipusm doler sit', '2.0000', 'In', '2015-12-11 05:58:54', '2015-12-11 05:58:54', 8, NULL),
(56, 'Item 2', 122221, 'doller sit', '2.0000', 'In', '2015-12-11 06:00:07', '2015-12-11 06:00:32', 8, NULL),
(57, 'Item A', 1222212, 'Lorem ipusm doler sit', '2.0000', 'In', '2015-12-11 06:15:36', '2015-12-11 06:15:36', 8, NULL),
(58, 'Item Ac', 1222211, 'Lorem ipusm doler sit', '2.0000', 'In', '2015-12-11 06:20:19', '2015-12-11 06:20:19', 8, NULL),
(59, 'Item Ad', 1221212, 'Lorem ipusm doler sit', '2.0000', 'In', '2015-12-11 06:21:18', '2015-12-11 06:21:18', 8, NULL),
(62, 'New Test Item', 151515, 'Lorem ipusm doler sit', '2.0000', 'In', '2015-12-11 06:46:38', '2015-12-11 06:46:38', 5, NULL),
(63, 'New Test Item 2', 15151515, 'Lorem ipusm doler sit', '2.0000', 'In', '2015-12-11 06:47:13', '2015-12-11 06:47:13', 5, NULL),
(64, 'Item Z', 11112, 'Lorem ipusm doler sit', '2.0000', 'In', '2015-12-16 11:24:39', '2015-12-16 11:24:39', 5, NULL),
(65, 'New Test Item', 1234, 'lrem ipsm', '2.0000', 'In', '2015-12-28 10:28:34', '2015-12-28 10:28:34', 9, NULL),
(66, 'Item out', 12222132, 'doller sit', '15.0000', 'Out', '2015-12-31 02:06:52', '2015-12-31 02:06:52', 5, NULL),
(67, 'QW Item test', 121241, 'lrem ipsm', '1.0000', 'In', '2015-12-31 04:24:31', '2015-12-31 04:24:31', 11, NULL),
(68, 'QW Item test sub', 121411, 'lrem ipsm', '2.0000', 'In', '2015-12-31 04:31:09', '2015-12-31 04:31:09', 11, NULL);

-- --------------------------------------------------------

--
-- Table structure for table `item_relation`
--

CREATE TABLE IF NOT EXISTS `item_relation` (
`id` int(10) unsigned NOT NULL,
  `parent_id` int(11) NOT NULL,
  `child_id` varchar(255) COLLATE utf8_unicode_ci NOT NULL,
  `created_at` timestamp NOT NULL DEFAULT '0000-00-00 00:00:00',
  `updated_at` timestamp NOT NULL DEFAULT '0000-00-00 00:00:00'
) ENGINE=InnoDB AUTO_INCREMENT=11 DEFAULT CHARSET=utf8 COLLATE=utf8_unicode_ci;

--
-- Dumping data for table `item_relation`
--

INSERT INTO `item_relation` (`id`, `parent_id`, `child_id`, `created_at`, `updated_at`) VALUES
(1, 3, '4', '2015-12-10 05:33:01', '2015-12-10 05:33:01'),
(2, 3, '7', '2015-12-10 06:06:52', '2015-12-10 06:06:52'),
(3, 3, '8', '2015-12-10 06:07:17', '2015-12-10 06:07:17'),
(4, 3, '9', '2015-12-10 06:07:43', '2015-12-10 06:07:43'),
(5, 3, '10', '2015-12-10 06:09:14', '2015-12-10 06:09:14'),
(6, 3, '11', '2015-12-10 06:09:50', '2015-12-10 06:09:50'),
(7, 12, '13', '2015-12-10 06:14:19', '2015-12-10 06:14:19'),
(8, 15, '16', '2015-12-10 06:16:41', '2015-12-10 06:16:41'),
(9, 26, '27', '2015-12-10 06:38:02', '2015-12-10 06:38:02'),
(10, 69, '70', '2015-12-31 04:31:09', '2015-12-31 04:31:09');

-- --------------------------------------------------------

--
-- Table structure for table `migrations`
--

CREATE TABLE IF NOT EXISTS `migrations` (
  `migration` varchar(255) COLLATE utf8_unicode_ci NOT NULL,
  `batch` int(11) NOT NULL
) ENGINE=InnoDB DEFAULT CHARSET=utf8 COLLATE=utf8_unicode_ci;

--
-- Dumping data for table `migrations`
--

INSERT INTO `migrations` (`migration`, `batch`) VALUES
('2014_10_12_000000_create_users_table', 1),
('2014_10_12_100000_create_password_resets_table', 1),
('2015_10_21_171522_create_Item_table', 1),
('2015_10_21_172719_create_ItemRelation_table', 1),
('2015_10_23_132912_create_carts_table', 1),
('2015_10_26_182539_change_item_table', 1),
('2015_10_27_104421_modify_carts_table', 1),
('2015_10_28_142140_create_taxes_table', 1),
('2015_10_28_142400_create_taxes_components_table', 1),
('2015_10_28_150512_modify_taxes_components_table', 1),
('2015_10_29_132452_change_taxes_table', 1),
('2015_10_30_162122_create_customers_table', 2),
('2015_10_30_162312_create_customers_departments_table', 2),
('2015_10_30_162324_create_customers_items_table', 2),
('2015_10_30_162339_create_customers_taxes_table', 2),
('2015_11_02_122556_create_customers_billings_table', 2),
('2015_11_02_152831_update_customers_departments_table', 3),
('2015_11_02_153022_update_customers_departments_table', 4),
('2015_11_02_153329_update_customers_departments_table', 5),
('2015_11_03_122010_create_outgoing_carts_table', 6),
('2015_11_03_123106_create_customers_outgoing_carts_items_table', 6),
('2015_10_27_161844_add_isDeleted_toCart', 7),
('2015_11_03_163215_change_cutomer_table', 7),
('2015_11_03_184658_drop_taxable_cutomer_taxes_table', 7),
('2015_11_04_151615_add_taxable_to_customer_taxes', 7),
('2015_11_04_155806_add_price_to_customer_items', 7),
('2015_11_04_165319_add_soft_delete_to_customers', 7),
('2015_11_05_163240_change_outgoingcarts_table', 8),
('2015_11_05_165452_change2_outgoingcarts_table', 9),
('2015_11_05_170048_change3_outgoingcarts_table', 10),
('2015_11_05_171324_update_customers_table', 11),
('2015_11_05_171550_update2_customers_table', 12),
('2015_11_05_172001_update3_customers_table', 13),
('2015_11_05_172009_update4_customers_table', 13),
('2015_11_05_172122_update4_customers_table', 14),
('2015_11_10_124534_create_user_profile_table', 14),
('2015_11_10_170200_create_countries_table', 15),
('2015_11_12_135235_create_incoming_carts_table', 16),
('2015_11_12_135257_create_customers_incoming_carts_items_table', 16),
('2015_11_10_172443_Create_shiping_manifest', 17),
('2015_11_11_172655_create_organization_table', 17),
('2015_11_12_155138_create_receiving_manifest_table', 17),
('2015_11_12_181958_update_receiving_manifist_table', 18),
('2015_11_13_102420_update_customers_incoming_carts_items_table', 19),
('2015_11_13_115226_update_receiving_manifest_table', 20),
('2015_11_13_162516_add_organozation_to_users_table', 21),
('2015_11_16_165342_add_custome_price_to_customer_items', 21),
('2015_11_20_155414_create_initial_values_table', 22),
('2015_11_20_160547_create_initial_values_table', 23),
('2015_11_24_173416_update_users_table', 24),
('2015_11_30_125720_update_customers_billings_table', 25),
('2015_11_30_161709_update_taxes_table', 26),
('2015_11_30_174102_update_shipping_manifest_table', 27),
('2015_12_07_083920_create_rewash_table', 28),
('2015_11_30_161859_add_organization_id_to_tables', 29),
('2015_12_02_154020_add_organization_id_to_remaining_tables', 29),
('2015_12_08_145500_create_rewash_items_table', 30),
('2015_12_08_152153_update_rewash_table', 31),
('2015_12_08_172314_add_soft_delete_to_rewash_table', 32),
('2015_12_11_122752_track_profile', 33),
('2015_12_11_124555_update_users_table', 34),
('2015_12_11_131407_update_users_table', 35),
('2015_12_11_154458_drop_steps_from_users_table', 36),
('2015_12_11_154523_update_organizations_table', 37),
('2015_12_09_165325_add_status_to_invoice', 38),
('2015_12_15_142446_update_receiving_manifist_table', 39),
('2015_12_15_160652_update_incoming_carts_table', 40),
('2015_12_11_124555_update_users_table_second', 41),
('2015_12_11_131407_update_users_table_third', 41),
('2015_12_16_155821_add_invoiced_to_out_going_cart_table', 42),
('2015_12_16_155933_remove_columns_from_user_table', 42),
('2015_12_16_161854_update_shipping_manifist_table', 43),
('2015_12_16_162141_update_receiving_manifist_table', 44),
('2015_12_17_075305_add_soft_delete_to_items_table', 45),
('2015_12_17_075507_remove_status_column_from_items', 46),
('2015_12_18_155027_add_billing_by_generic_in_customer_items', 47),
('2015_12_28_134327_update_user_profile_table', 47);

-- --------------------------------------------------------

--
-- Table structure for table `organizations`
--

CREATE TABLE IF NOT EXISTS `organizations` (
`id` int(10) unsigned NOT NULL,
  `name` varchar(255) COLLATE utf8_unicode_ci NOT NULL,
  `created_at` timestamp NOT NULL DEFAULT '0000-00-00 00:00:00',
  `updated_at` timestamp NOT NULL DEFAULT '0000-00-00 00:00:00',
  `profile_skipped_at_step` tinyint(4) NOT NULL DEFAULT '0'
) ENGINE=InnoDB AUTO_INCREMENT=12 DEFAULT CHARSET=utf8 COLLATE=utf8_unicode_ci;

--
-- Dumping data for table `organizations`
--

INSERT INTO `organizations` (`id`, `name`, `created_at`, `updated_at`, `profile_skipped_at_step`) VALUES
(1, 'Richard Tatea', '2015-11-20 12:49:40', '2015-11-20 12:49:40', 0),
(2, 'sdfa', '2015-11-20 12:51:36', '2015-11-20 12:51:36', 0),
(3, 'sdfa', '2015-11-20 12:52:09', '2015-11-20 12:52:09', 0),
(4, 'sdfa', '2015-11-20 12:52:42', '2015-11-20 12:52:42', 0),
(5, 'Richard Tate', '2015-11-21 04:01:18', '2015-12-17 02:11:48', 5),
(6, 'Premier Laundry', '2015-11-21 04:19:32', '2015-11-21 04:19:32', 0),
(7, 'Quetzalworks', '2015-12-11 04:18:04', '2015-12-11 04:18:04', 0),
(8, 'Quetzalworks', '2015-12-11 04:29:43', '2015-12-11 12:21:26', 5),
(9, 'QW Laundry', '2015-12-23 01:29:25', '2015-12-28 09:56:55', 5),
(10, 'sdfsd', '2015-12-23 01:45:06', '2015-12-23 01:45:06', 0),
(11, 'Ubaid Test', '2015-12-31 04:20:00', '2016-01-01 11:24:58', 5);

-- --------------------------------------------------------

--
-- Table structure for table `outgoing_carts`
--

CREATE TABLE IF NOT EXISTS `outgoing_carts` (
`id` int(10) unsigned NOT NULL,
  `customer_id` int(11) NOT NULL,
  `department_id` int(11) NOT NULL,
  `cart_id` int(11) NOT NULL,
  `shipping_date` datetime NOT NULL,
  `gross_weight` decimal(5,2) NOT NULL,
  `net_weight` decimal(5,2) NOT NULL,
  `status` varchar(20) COLLATE utf8_unicode_ci NOT NULL,
  `is_exchange_cart` tinyint(4) NOT NULL DEFAULT '1',
  `created_at` timestamp NOT NULL DEFAULT '0000-00-00 00:00:00',
  `updated_at` timestamp NOT NULL DEFAULT '0000-00-00 00:00:00',
  `organization_id` int(11) NOT NULL DEFAULT '0',
  `invoiced` tinyint(4) NOT NULL DEFAULT '0'
) ENGINE=InnoDB AUTO_INCREMENT=2 DEFAULT CHARSET=utf8 COLLATE=utf8_unicode_ci;

--
-- Dumping data for table `outgoing_carts`
--

INSERT INTO `outgoing_carts` (`id`, `customer_id`, `department_id`, `cart_id`, `shipping_date`, `gross_weight`, `net_weight`, `status`, `is_exchange_cart`, `created_at`, `updated_at`, `organization_id`, `invoiced`) VALUES
(1, 1, 0, 2, '2015-11-20 00:00:00', '300.00', '150.00', 'Ready', 1, '0000-00-00 00:00:00', '0000-00-00 00:00:00', 0, 0);

-- --------------------------------------------------------

--
-- Table structure for table `password_resets`
--

CREATE TABLE IF NOT EXISTS `password_resets` (
  `email` varchar(255) COLLATE utf8_unicode_ci NOT NULL,
  `token` varchar(255) COLLATE utf8_unicode_ci NOT NULL,
  `created_at` timestamp NOT NULL DEFAULT '0000-00-00 00:00:00'
) ENGINE=InnoDB DEFAULT CHARSET=utf8 COLLATE=utf8_unicode_ci;

-- --------------------------------------------------------

--
-- Table structure for table `receiving_manifest`
--

CREATE TABLE IF NOT EXISTS `receiving_manifest` (
`id` int(10) unsigned NOT NULL,
  `customer_id` int(11) NOT NULL,
  `department_id` int(11) NOT NULL,
  `incoming_cart_ids` varchar(255) COLLATE utf8_unicode_ci NOT NULL,
  `date_from` date NOT NULL,
  `date_to` date NOT NULL,
  `deleted_at` timestamp NULL DEFAULT NULL,
  `created_at` timestamp NOT NULL DEFAULT '0000-00-00 00:00:00',
  `updated_at` timestamp NOT NULL DEFAULT '0000-00-00 00:00:00',
  `organization_id` int(11) NOT NULL DEFAULT '0'
) ENGINE=InnoDB AUTO_INCREMENT=35 DEFAULT CHARSET=utf8 COLLATE=utf8_unicode_ci;

--
-- Dumping data for table `receiving_manifest`
--

INSERT INTO `receiving_manifest` (`id`, `customer_id`, `department_id`, `incoming_cart_ids`, `date_from`, `date_to`, `deleted_at`, `created_at`, `updated_at`, `organization_id`) VALUES
(1, 1, 1, '', '2015-11-13', '2015-11-18', NULL, '2015-11-13 08:11:27', '2015-11-13 08:11:27', 0),
(2, 1, 1, '', '2015-11-13', '2015-11-23', NULL, '2015-11-13 09:04:41', '2015-11-13 09:04:41', 0),
(3, 1, 0, '', '1970-01-01', '1970-01-01', NULL, '2015-11-24 12:20:02', '2015-11-24 12:20:02', 0),
(4, 1, 0, '', '2015-11-26', '2015-11-26', NULL, '2015-11-26 03:10:22', '2015-11-26 03:10:22', 0),
(5, 1, 1, '', '2015-11-26', '2015-11-26', NULL, '2015-11-26 03:11:12', '2015-11-26 03:11:12', 0),
(6, 1, 1, '', '2015-11-26', '2015-11-26', NULL, '2015-11-26 03:13:35', '2015-11-26 03:13:35', 0),
(7, 1, 0, '', '2015-11-26', '2015-11-26', NULL, '2015-11-26 03:14:51', '2015-11-26 03:14:51', 0),
(8, 1, 0, '', '2015-11-26', '2015-11-26', NULL, '2015-11-26 03:32:55', '2015-11-26 03:32:55', 0),
(9, 1, 0, '', '2015-11-26', '2015-11-26', NULL, '2015-11-26 03:41:27', '2015-11-26 03:41:27', 0),
(10, 1, 0, '', '2015-11-26', '2015-11-26', NULL, '2015-11-26 03:42:23', '2015-11-26 03:42:23', 0),
(11, 1, 0, '', '2015-11-26', '2015-11-26', NULL, '2015-11-26 03:43:30', '2015-11-26 03:43:30', 0),
(12, 1, 0, '', '2015-11-26', '2015-11-26', NULL, '2015-11-26 03:44:24', '2015-11-26 03:44:24', 0),
(13, 1, 0, '', '2015-11-26', '2015-11-26', NULL, '2015-11-26 03:44:54', '2015-11-26 03:44:54', 0),
(14, 1, 0, '', '2015-11-26', '2015-11-26', NULL, '2015-11-26 03:45:30', '2015-11-26 03:45:30', 0),
(15, 1, 0, '', '2015-11-26', '2015-11-26', NULL, '2015-11-26 03:47:48', '2015-11-26 03:47:48', 0),
(16, 1, 0, '', '2015-11-26', '2015-11-26', NULL, '2015-11-26 03:50:48', '2015-11-26 03:50:48', 0),
(17, 1, 0, '', '2015-11-26', '2015-11-26', NULL, '2015-11-26 03:51:49', '2015-11-26 03:51:49', 0),
(18, 1, 0, '', '2015-11-30', '2015-11-30', NULL, '2015-11-30 06:42:00', '2015-11-30 06:42:00', 0),
(19, 1, 0, '', '2015-12-15', '2015-12-31', NULL, '2015-12-15 10:15:47', '2015-12-15 10:15:47', 5),
(20, 1, 1, '', '2015-12-15', '2015-12-31', NULL, '2015-12-15 10:18:39', '2015-12-15 10:18:39', 5),
(30, 4, 0, '', '2015-12-15', '2015-12-31', NULL, '2015-12-15 12:45:50', '2015-12-15 12:45:50', 5),
(31, 4, 0, '', '2015-12-15', '2015-12-31', NULL, '2015-12-15 12:47:02', '2015-12-15 12:47:02', 5),
(32, 4, 0, '', '2015-12-15', '2015-12-31', NULL, '2015-12-15 12:51:31', '2015-12-15 12:51:31', 5),
(33, 1, 0, '3', '2015-12-16', '2015-12-31', NULL, '2015-12-16 11:02:33', '2015-12-16 11:02:33', 5),
(34, 4, -1, '6', '2015-12-16', '2016-01-07', NULL, '2015-12-16 11:27:24', '2015-12-16 11:27:24', 5);

-- --------------------------------------------------------

--
-- Table structure for table `rewash`
--

CREATE TABLE IF NOT EXISTS `rewash` (
`id` int(10) unsigned NOT NULL,
  `organization_id` int(11) NOT NULL,
  `customer_id` int(11) NOT NULL,
  `department_id` int(11) NOT NULL,
  `total_items` int(11) NOT NULL,
  `total_weight` decimal(15,4) NOT NULL,
  `rewash_date` date NOT NULL,
  `created_at` timestamp NOT NULL DEFAULT '0000-00-00 00:00:00',
  `updated_at` timestamp NOT NULL DEFAULT '0000-00-00 00:00:00',
  `deleted_at` timestamp NULL DEFAULT NULL
) ENGINE=InnoDB AUTO_INCREMENT=7 DEFAULT CHARSET=utf8 COLLATE=utf8_unicode_ci;

--
-- Dumping data for table `rewash`
--

INSERT INTO `rewash` (`id`, `organization_id`, `customer_id`, `department_id`, `total_items`, `total_weight`, `rewash_date`, `created_at`, `updated_at`, `deleted_at`) VALUES
(1, 5, 1, 1, 6, '80.0000', '0000-00-00', '2015-12-08 10:18:23', '2015-12-08 10:18:23', NULL),
(2, 5, 1, 1, 3, '30.0000', '2015-12-24', '2015-12-08 10:40:14', '2015-12-08 10:40:14', NULL),
(3, 5, 1, 2, 4, '50.0000', '2015-12-24', '2015-12-08 10:44:47', '2015-12-08 12:40:42', '2015-12-08 12:40:42'),
(4, 5, 1, 1, 1, '15.0000', '2015-12-08', '2015-12-08 10:45:38', '2015-12-08 10:45:38', NULL),
(5, 5, 1, 1, 3, '30.0000', '2015-12-08', '2015-12-08 13:13:46', '2015-12-08 13:13:46', NULL),
(6, 5, 4, 0, 2, '30.0000', '2015-12-17', '2015-12-17 05:25:08', '2015-12-17 05:25:08', NULL);

-- --------------------------------------------------------

--
-- Table structure for table `rewash_items`
--

CREATE TABLE IF NOT EXISTS `rewash_items` (
`id` int(10) unsigned NOT NULL,
  `organization_id` int(11) NOT NULL,
  `rewash_id` int(11) NOT NULL,
  `item_id` int(11) NOT NULL,
  `quantity` int(11) NOT NULL,
  `created_at` timestamp NOT NULL DEFAULT '0000-00-00 00:00:00',
  `updated_at` timestamp NOT NULL DEFAULT '0000-00-00 00:00:00'
) ENGINE=InnoDB AUTO_INCREMENT=9 DEFAULT CHARSET=utf8 COLLATE=utf8_unicode_ci;

--
-- Dumping data for table `rewash_items`
--

INSERT INTO `rewash_items` (`id`, `organization_id`, `rewash_id`, `item_id`, `quantity`, `created_at`, `updated_at`) VALUES
(1, 5, 1, 2, 4, '2015-12-08 10:18:23', '2015-12-08 10:18:23'),
(2, 5, 1, 1, 2, '2015-12-08 10:18:24', '2015-12-08 10:18:24'),
(3, 5, 2, 1, 3, '2015-12-08 10:40:14', '2015-12-08 10:40:14'),
(4, 5, 3, 2, 2, '2015-12-08 10:44:48', '2015-12-08 10:44:48'),
(5, 5, 3, 1, 2, '2015-12-08 10:44:48', '2015-12-08 10:44:48'),
(6, 5, 4, 2, 1, '2015-12-08 10:45:38', '2015-12-08 10:45:38'),
(7, 5, 5, 1, 3, '2015-12-08 13:13:46', '2015-12-08 13:13:46'),
(8, 5, 6, 5, 2, '2015-12-17 05:25:08', '2015-12-17 05:25:08');

-- --------------------------------------------------------

--
-- Table structure for table `shipping_manifest`
--

CREATE TABLE IF NOT EXISTS `shipping_manifest` (
`id` int(10) unsigned NOT NULL,
  `customer_id` int(11) NOT NULL,
  `department_id` int(11) NOT NULL,
  `outgoing_cart_id` varchar(255) COLLATE utf8_unicode_ci NOT NULL,
  `shipping_date` date NOT NULL,
  `description` text COLLATE utf8_unicode_ci NOT NULL,
  `invoiced` tinyint(4) NOT NULL DEFAULT '0',
  `created_at` timestamp NOT NULL DEFAULT '0000-00-00 00:00:00',
  `updated_at` timestamp NOT NULL DEFAULT '0000-00-00 00:00:00',
  `organization_id` int(11) NOT NULL DEFAULT '0'
) ENGINE=InnoDB AUTO_INCREMENT=2 DEFAULT CHARSET=utf8 COLLATE=utf8_unicode_ci;

--
-- Dumping data for table `shipping_manifest`
--

INSERT INTO `shipping_manifest` (`id`, `customer_id`, `department_id`, `outgoing_cart_id`, `shipping_date`, `description`, `invoiced`, `created_at`, `updated_at`, `organization_id`) VALUES
(1, 1, 1, '1', '2015-11-29', '', 1, '0000-00-00 00:00:00', '2015-11-30 12:51:02', 0);

-- --------------------------------------------------------

--
-- Table structure for table `taxes`
--

CREATE TABLE IF NOT EXISTS `taxes` (
`id` int(10) unsigned NOT NULL,
  `tax_name` varchar(50) COLLATE utf8_unicode_ci NOT NULL,
  `agency_name` varchar(50) COLLATE utf8_unicode_ci NOT NULL,
  `tax_rate` decimal(15,4) NOT NULL,
  `tax_type` varchar(20) COLLATE utf8_unicode_ci NOT NULL,
  `is_deleted` tinyint(4) NOT NULL,
  `created_at` timestamp NOT NULL DEFAULT '0000-00-00 00:00:00',
  `updated_at` timestamp NOT NULL DEFAULT '0000-00-00 00:00:00',
  `combined` tinyint(4) NOT NULL DEFAULT '0',
  `organization_id` int(11) NOT NULL DEFAULT '0'
) ENGINE=InnoDB AUTO_INCREMENT=63 DEFAULT CHARSET=utf8 COLLATE=utf8_unicode_ci;

--
-- Dumping data for table `taxes`
--

INSERT INTO `taxes` (`id`, `tax_name`, `agency_name`, `tax_rate`, `tax_type`, `is_deleted`, `created_at`, `updated_at`, `combined`, `organization_id`) VALUES
(1, 'Tax A', 'Lorem ipsum', '10.0000', 'single', 1, '2015-10-29 08:51:19', '2015-11-16 06:06:31', 0, 0),
(2, 'Tax B', '', '0.0000', 'combined', 0, '2015-10-29 08:51:19', '2015-10-29 08:51:19', 1, 0),
(8, 'Tax C', 'Lorem ipsum', '10.0000', 'single', 0, '2015-10-29 09:31:19', '2015-10-29 09:31:19', 0, 0),
(19, 'Tax D', '', '0.0000', 'combined', 1, '2015-10-29 10:24:16', '2015-10-29 11:22:47', 0, 0),
(20, 'Tax B', 'test', '15.0000', 'single', 0, '2015-10-29 10:27:36', '2015-10-29 10:27:36', 0, 0),
(21, 'Tax D', '', '0.0000', 'combined', 1, '2015-10-29 10:30:54', '2015-10-29 11:02:53', 0, 0),
(22, 'Tax A', 'test', '10.0000', 'single', 0, '2015-11-03 10:41:29', '2015-11-03 10:41:29', 0, 0),
(23, 'Tax C', '', '0.0000', 'combined', 0, '2015-11-03 10:43:28', '2015-11-03 10:43:28', 0, 0),
(24, '', '', '0.0000', 'single', 0, '2015-11-25 06:01:27', '2015-11-25 06:01:27', 0, 0),
(25, '', '', '0.0000', 'single', 0, '2015-11-25 06:02:30', '2015-11-25 06:02:30', 0, 0),
(26, '', '', '0.0000', 'single', 0, '2015-11-25 06:03:35', '2015-11-25 06:03:35', 0, 0),
(27, '', '', '0.0000', 'single', 0, '2015-11-25 06:04:27', '2015-11-25 06:04:27', 0, 0),
(28, '', '', '0.0000', 'single', 0, '2015-11-25 06:04:53', '2015-11-25 06:04:53', 0, 0),
(29, '', '', '0.0000', 'single', 0, '2015-11-25 06:08:24', '2015-11-25 06:08:24', 0, 0),
(30, '', '', '0.0000', 'single', 0, '2015-11-25 06:08:45', '2015-11-25 06:08:45', 0, 0),
(31, '', '', '0.0000', 'single', 0, '2015-11-25 06:09:13', '2015-11-25 06:09:13', 0, 0),
(32, '', '', '0.0000', 'single', 0, '2015-11-25 06:10:51', '2015-11-25 06:10:51', 0, 0),
(33, '', '', '0.0000', 'single', 0, '2015-11-25 06:11:27', '2015-11-25 06:11:27', 0, 0),
(34, '', '', '0.0000', 'single', 0, '2015-11-25 06:11:29', '2015-11-25 06:11:29', 0, 0),
(35, '', '', '0.0000', 'single', 0, '2015-11-25 06:11:30', '2015-11-25 06:11:30', 0, 0),
(36, '', '', '0.0000', 'single', 0, '2015-11-25 06:11:31', '2015-11-25 06:11:31', 0, 0),
(37, '', '', '0.0000', 'single', 0, '2015-11-25 06:11:33', '2015-11-25 06:11:33', 0, 0),
(38, '', '', '0.0000', 'single', 0, '2015-11-25 06:11:34', '2015-11-25 06:11:34', 0, 0),
(39, '', '', '0.0000', 'single', 0, '2015-11-25 06:13:00', '2015-11-25 06:13:00', 0, 0),
(40, '', '', '0.0000', 'single', 0, '2015-11-25 06:15:15', '2015-11-25 06:15:15', 0, 0),
(41, 'Tax A', 'Lorem ipsum', '10.0000', 'single', 0, '2015-11-25 06:16:51', '2015-11-25 06:16:51', 0, 0),
(42, 'Tax new combined', '', '0.0000', 'combined', 0, '2015-11-25 06:23:59', '2015-11-25 06:23:59', 0, 0),
(43, 'Tax new combined', '', '0.0000', 'combined', 0, '2015-11-25 06:24:00', '2015-11-25 06:24:00', 0, 0),
(44, 'Tax new combined', '', '0.0000', 'combined', 0, '2015-11-25 06:24:02', '2015-11-25 06:24:02', 0, 0),
(45, 'Tax new combined', '', '0.0000', 'combined', 1, '2015-11-25 06:24:04', '2015-11-25 07:07:35', 0, 0),
(46, 'Tax new combined', '', '0.0000', 'combined', 1, '2015-11-25 06:24:06', '2015-11-25 07:07:23', 0, 0),
(47, 'Tax A', '', '0.0000', 'combined', 1, '2015-11-25 06:34:29', '2015-11-25 07:07:12', 0, 0),
(48, 'Tax A', '', '0.0000', 'combined', 1, '2015-11-25 06:56:07', '2015-11-25 07:07:02', 0, 0),
(49, 'Tax A', '', '0.0000', 'combined', 1, '2015-11-25 07:06:36', '2015-11-25 07:06:50', 0, 0),
(50, 'Tax A', 'Lorem ipsum', '10.0000', 'single', 0, '2015-12-10 07:33:17', '2015-12-10 07:33:17', 0, 5),
(51, 'Tax A', 'Lorem ipsum', '10.0000', 'single', 0, '2015-12-10 07:34:10', '2015-12-10 07:34:10', 0, 5),
(52, 'Tax A', 'Lorem ipsum', '10.0000', 'single', 0, '2015-12-10 07:41:37', '2015-12-10 07:41:37', 0, 5),
(53, 'Tax A', 'Lorem ipsum', '10.0000', 'single', 0, '2015-12-10 07:44:02', '2015-12-10 07:44:02', 0, 5),
(54, 'Tax A', 'Lorem ipsum', '10.0000', 'single', 0, '2015-12-11 12:31:42', '2015-12-11 12:31:42', 0, 8),
(55, 'Tax B', 'Lorem ipsum', '10.0000', 'single', 0, '2015-12-11 12:32:08', '2015-12-11 12:32:08', 0, 8),
(56, 'Tax B', 'Lorem ipsum', '10.0000', 'single', 0, '2015-12-11 12:34:54', '2015-12-11 12:34:54', 0, 8),
(57, 'Tax B', 'Lorem ipsum', '10.0000', 'single', 0, '2015-12-11 12:35:00', '2015-12-11 12:35:00', 0, 8),
(58, 'Tax A', 'Lorem ipsum', '10.0000', 'single', 0, '2015-12-11 12:35:30', '2015-12-11 12:35:30', 0, 8),
(59, 'Tax A', 'Lorem ipsum', '10.0000', 'single', 0, '2015-12-11 12:36:56', '2015-12-11 12:36:56', 0, 8),
(60, 'Tax A', 'Lorem ipsum', '10.0000', 'single', 0, '2015-12-11 12:38:35', '2015-12-11 12:38:35', 0, 8),
(61, 'Tax A', 'Lorem ipsum', '10.0000', 'single', 0, '2015-12-11 12:40:56', '2015-12-11 12:40:56', 0, 8),
(62, 'Tax C', 'Lorem ipsum', '10.0000', 'single', 0, '2015-12-11 13:04:30', '2015-12-11 13:04:30', 0, 8);

-- --------------------------------------------------------

--
-- Table structure for table `taxes_components`
--

CREATE TABLE IF NOT EXISTS `taxes_components` (
`id` int(10) unsigned NOT NULL,
  `tax_id` int(11) NOT NULL,
  `component_name` varchar(50) COLLATE utf8_unicode_ci NOT NULL,
  `agency_name` varchar(50) COLLATE utf8_unicode_ci NOT NULL,
  `tax_rate` decimal(15,4) NOT NULL,
  `created_at` timestamp NOT NULL DEFAULT '0000-00-00 00:00:00',
  `updated_at` timestamp NOT NULL DEFAULT '0000-00-00 00:00:00',
  `organization_id` int(11) NOT NULL DEFAULT '0'
) ENGINE=InnoDB AUTO_INCREMENT=30 DEFAULT CHARSET=utf8 COLLATE=utf8_unicode_ci;

--
-- Dumping data for table `taxes_components`
--

INSERT INTO `taxes_components` (`id`, `tax_id`, `component_name`, `agency_name`, `tax_rate`, `created_at`, `updated_at`, `organization_id`) VALUES
(1, 2, 'Companent B A', 'Lorem ipusm', '20.0000', '2015-10-29 08:51:19', '2015-10-29 08:51:19', 0),
(2, 2, 'Companent B B', 'Lorem ipusm doller sit', '15.0000', '2015-10-29 08:51:19', '2015-10-29 08:51:19', 0),
(7, 19, 'Component D A', 'Lorem ipsum', '30.0000', '2015-10-29 10:24:16', '2015-10-29 10:24:16', 0),
(8, 19, 'Component D B', 'Doller sit', '5.0000', '2015-10-29 10:24:16', '2015-10-29 10:24:16', 0),
(9, 21, 'Component D A', 'Doller sit', '30.0000', '2015-10-29 10:30:54', '2015-10-29 10:30:54', 0),
(10, 21, 'Component D B', 'Lorem ipsum', '5.0000', '2015-10-29 10:30:54', '2015-10-29 10:30:54', 0),
(11, 23, 'Component D A', 'asa', '5.0000', '2015-11-03 10:43:28', '2015-11-03 10:43:28', 0),
(12, 23, 'Component E B', 'a', '10.0000', '2015-11-03 10:43:29', '2015-11-03 10:43:29', 0),
(13, 42, 'test new', 'lorem new', '5.0000', '2015-11-25 06:23:59', '2015-11-25 06:23:59', 0),
(14, 42, '', '', '0.0000', '2015-11-25 06:23:59', '2015-11-25 06:23:59', 0),
(15, 43, 'test new', 'lorem new', '5.0000', '2015-11-25 06:24:00', '2015-11-25 06:24:00', 0),
(16, 43, '', '', '0.0000', '2015-11-25 06:24:00', '2015-11-25 06:24:00', 0),
(17, 44, 'test new', 'lorem new', '5.0000', '2015-11-25 06:24:02', '2015-11-25 06:24:02', 0),
(18, 44, '', '', '0.0000', '2015-11-25 06:24:02', '2015-11-25 06:24:02', 0),
(19, 45, 'test new', 'lorem new', '5.0000', '2015-11-25 06:24:05', '2015-11-25 06:24:05', 0),
(20, 45, '', '', '0.0000', '2015-11-25 06:24:05', '2015-11-25 06:24:05', 0),
(21, 46, 'test new', 'lorem new', '5.0000', '2015-11-25 06:24:06', '2015-11-25 06:24:06', 0),
(22, 46, '', '', '0.0000', '2015-11-25 06:24:06', '2015-11-25 06:24:06', 0),
(23, 47, 'test new', 'lorem new', '5.0000', '2015-11-25 06:34:29', '2015-11-25 06:34:29', 0),
(24, 47, '', '', '0.0000', '2015-11-25 06:34:30', '2015-11-25 06:34:30', 0),
(25, 47, '', '', '0.0000', '2015-11-25 06:34:30', '2015-11-25 06:34:30', 0),
(26, 48, 'test new', 'lorem new', '5.0000', '2015-11-25 06:56:07', '2015-11-25 06:56:07', 0),
(27, 48, '', '', '0.0000', '2015-11-25 06:56:07', '2015-11-25 06:56:07', 0),
(28, 49, 'test new', 'lorem new', '5.0000', '2015-11-25 07:06:36', '2015-11-25 07:06:36', 0),
(29, 49, '', '', '0.0000', '2015-11-25 07:06:36', '2015-11-25 07:06:36', 0);

-- --------------------------------------------------------

--
-- Table structure for table `users`
--

CREATE TABLE IF NOT EXISTS `users` (
`id` int(10) unsigned NOT NULL,
  `first_name` varchar(255) COLLATE utf8_unicode_ci NOT NULL,
  `last_name` varchar(255) COLLATE utf8_unicode_ci NOT NULL,
  `email` varchar(255) COLLATE utf8_unicode_ci NOT NULL,
  `password` varchar(60) COLLATE utf8_unicode_ci NOT NULL,
  `remember_token` varchar(100) COLLATE utf8_unicode_ci DEFAULT NULL,
  `created_at` timestamp NOT NULL DEFAULT '0000-00-00 00:00:00',
  `updated_at` timestamp NOT NULL DEFAULT '0000-00-00 00:00:00',
  `organization_id` int(11) NOT NULL,
  `role_id` int(11) NOT NULL,
  `visited` tinyint(4) NOT NULL DEFAULT '0'
) ENGINE=InnoDB AUTO_INCREMENT=72 DEFAULT CHARSET=utf8 COLLATE=utf8_unicode_ci;

--
-- Dumping data for table `users`
--

INSERT INTO `users` (`id`, `first_name`, `last_name`, `email`, `password`, `remember_token`, `created_at`, `updated_at`, `organization_id`, `role_id`, `visited`) VALUES
(65, 'Richard Tate', '', 'richard.tate@quetzalworks.com', '$2y$10$tBNGMYK9ku.DRPi.RT7VW.LwfMo0PErhr9sOLrXotj2VGcPyOlfM.', 'M6bK8HZDa813cvohp3xrTPxQRRd8uohGKcFHAMkvDRXTxyJfe7Cj2tBpQjgr', '2015-11-21 04:01:18', '2016-01-01 09:54:12', 5, 0, 1),
(66, 'Premier Laundry', '', 'beyond21st@gmail.com', '$2a$08$1MWBxquOg6kkLc/U3cLU4OQjGj9K7E39c1p3SNmKUnvKIydAYhxCy', 'bZcLUDUbtlx65Jnm3p0D2ET3laKgAePFUVnIaTnUKK1p6cDB8t3dMZGKmPoO', '2015-11-21 04:19:32', '2015-11-21 04:31:42', 6, 0, 0),
(68, 'Quetzalworks', '', 'ubaidkhan.se@gmail.com', '$2y$10$tBNGMYK9ku.DRPi.RT7VW.LwfMo0PErhr9sOLrXotj2VGcPyOlfM.', 'L3YkDT5fOp48s0oQvDh8oN2kxlR26pxjxCsuBQTd0WvRXZL73AlD66mZIkYz', '2015-12-11 04:29:43', '2015-12-15 10:07:40', 8, 0, 1),
(69, 'QW Laundry', '', 'ubaidkhan2000@yahoo.com', '$2y$10$bEx11WMk5Xw6YfPCzbCA0O9NJuGb/wzOvJQZpoT6ioJ2Rlkm12q1q', 'gvgbYbv47rm3rPMYpOovtycjeBgaiwKNcJf9DpFf9sLQXfJXkcYlz0msyrRd', '2015-12-23 01:29:25', '2015-12-29 04:04:37', 9, 0, 1),
(70, 'sdfsd', '', 'ubaidkhan200034@yahoo.com', '', NULL, '2015-12-23 01:45:06', '2015-12-23 01:45:06', 10, 0, 0),
(71, 'Ubaid Test', '', 'ubaid_khan480@hotmail.com', '$2y$10$q8GHrp9IZdHTBOdh2TO4uewUoR12D.KQoCM8TqoLHFW1bBgZxmHaa', '1UWHMdoekO2ixMWFufpXwRGOF9zUyFpIc9I848szXbFTZJaGzoRt2c97luTI', '2015-12-31 04:20:00', '2016-01-01 09:52:51', 11, 0, 0);

-- --------------------------------------------------------

--
-- Table structure for table `user_profile`
--

CREATE TABLE IF NOT EXISTS `user_profile` (
`id` int(10) unsigned NOT NULL,
  `user_id` int(11) NOT NULL,
  `legal_name` varchar(50) COLLATE utf8_unicode_ci NOT NULL,
  `street_address` varchar(255) COLLATE utf8_unicode_ci NOT NULL,
  `city` varchar(50) COLLATE utf8_unicode_ci NOT NULL,
  `state` varchar(50) COLLATE utf8_unicode_ci NOT NULL,
  `zipcode` varchar(50) COLLATE utf8_unicode_ci NOT NULL,
  `country` varchar(50) COLLATE utf8_unicode_ci NOT NULL,
  `phone` varchar(50) COLLATE utf8_unicode_ci NOT NULL,
  `fax` varchar(50) COLLATE utf8_unicode_ci NOT NULL,
  `email` varchar(100) COLLATE utf8_unicode_ci NOT NULL,
  `website` varchar(255) COLLATE utf8_unicode_ci NOT NULL,
  `tax_id_number` varchar(50) COLLATE utf8_unicode_ci NOT NULL,
  `logo` varchar(255) COLLATE utf8_unicode_ci NOT NULL,
  `contact_name` varchar(50) COLLATE utf8_unicode_ci NOT NULL,
  `contact_designation` varchar(255) COLLATE utf8_unicode_ci NOT NULL,
  `contact_email` varchar(100) COLLATE utf8_unicode_ci NOT NULL,
  `created_at` timestamp NOT NULL DEFAULT '0000-00-00 00:00:00',
  `updated_at` timestamp NOT NULL DEFAULT '0000-00-00 00:00:00',
  `we_serve` varchar(255) COLLATE utf8_unicode_ci NOT NULL,
  `we_do` varchar(255) COLLATE utf8_unicode_ci NOT NULL
) ENGINE=InnoDB AUTO_INCREMENT=44 DEFAULT CHARSET=utf8 COLLATE=utf8_unicode_ci;

--
-- Dumping data for table `user_profile`
--

INSERT INTO `user_profile` (`id`, `user_id`, `legal_name`, `street_address`, `city`, `state`, `zipcode`, `country`, `phone`, `fax`, `email`, `website`, `tax_id_number`, `logo`, `contact_name`, `contact_designation`, `contact_email`, `created_at`, `updated_at`, `we_serve`, `we_do`) VALUES
(37, 65, 'Richard Tate', 'Ghazi Road', 'Lahore', 'Punjab', '51800', 'Pakistan', '(999)999-9999', '(999)999-8888', 'richard.tate@quetzalworks.com', 'www.quetzalworks.com', '9658421243', '', 'Hadden Scott', 'Software Engineer', 'hadden@gmail.com', '2015-11-21 04:01:18', '2015-11-24 11:39:42', '', ''),
(38, 66, 'Premier Laundry', '27 B Revenue Society, College Road', 'Lahore', 'Punjab', '54000', 'Pakistan', '923008414647', '1232323232', 'beyond21st@gmail.com', 'www.quetzalworks.com', '', '', 'Adnan Hassan', 'CEO', 'beyond21st@gmail.com', '2015-11-21 04:19:32', '2015-11-21 04:19:32', '', ''),
(40, 68, 'Quetzalworks', 'Ghazi Road', 'Lahore', 'Punjab', '51800', 'Palau', '(999)999-9999', '(999)999-9999', 'ubaidkhan.se@gmail.com', 'www.quetzalworks.com', '96584212', '1449829124Desert.jpg', 'Hadden Scott', 'SE', 'hadden@gmail.com', '2015-12-11 04:29:43', '2015-12-11 05:18:44', '', ''),
(41, 69, 'QW Laundry', '27 B Revenue Society, College Road', 'Lahore', 'Punjab', '51800', 'Pakistan', '(999)999-9999', '(999)999-9999', 'ubaidkhan2000@yahoo.com', 'www.quetzalworks.com', '34234', '', 'Hadden Scott', 'Software Engineer', 'hadden@gmail.com', '2015-12-23 01:29:25', '2015-12-28 09:59:45', 'Hospitality (Hotal & Resturant), Healthcare, Vacational Rentals', 'Customer Own Goods, Linen Rentals'),
(42, 70, 'sdfsd', 'dfsdasfsd', 'asfds', 'Punjab', '51800', 'Pakistan', '(999)999-9999', '', 'ubaidkhan200034@yahoo.com', '', '', '', 'Ubaid Khan', 'Software Engineer', 'hadden@gmail.com', '2015-12-23 01:45:06', '2015-12-23 01:45:06', '', ''),
(43, 71, 'Ubaid Test', 'Ghazi road', 'Lahore', 'Punjab', '51800', 'Pakistan', '123456', '123456', 'ubaid_khan480@hotmail.com', 'www.testing.com', '12345', '', 'Ubaid', 'SE', 'ubaid@gmail.com', '2015-12-31 04:20:00', '2015-12-31 07:18:26', 'Hospitality (Hotel & Restaurant), Healthcare, Vacational Rentals', 'Customer Own Goods, Linen Rentals');

--
-- Indexes for dumped tables
--

--
-- Indexes for table `carts`
--
ALTER TABLE `carts`
 ADD PRIMARY KEY (`id`), ADD UNIQUE KEY `carts_number_unique` (`cart_number`);

--
-- Indexes for table `countries`
--
ALTER TABLE `countries`
 ADD PRIMARY KEY (`id`);

--
-- Indexes for table `customers`
--
ALTER TABLE `customers`
 ADD PRIMARY KEY (`id`);

--
-- Indexes for table `customers_billings`
--
ALTER TABLE `customers_billings`
 ADD PRIMARY KEY (`id`);

--
-- Indexes for table `customers_departments`
--
ALTER TABLE `customers_departments`
 ADD PRIMARY KEY (`id`);

--
-- Indexes for table `customers_incoming_carts_items`
--
ALTER TABLE `customers_incoming_carts_items`
 ADD PRIMARY KEY (`id`);

--
-- Indexes for table `customers_items`
--
ALTER TABLE `customers_items`
 ADD PRIMARY KEY (`id`);

--
-- Indexes for table `customers_outgoing_carts_items`
--
ALTER TABLE `customers_outgoing_carts_items`
 ADD PRIMARY KEY (`id`);

--
-- Indexes for table `customers_taxes`
--
ALTER TABLE `customers_taxes`
 ADD PRIMARY KEY (`id`);

--
-- Indexes for table `incoming_carts`
--
ALTER TABLE `incoming_carts`
 ADD PRIMARY KEY (`id`);

--
-- Indexes for table `initial_values`
--
ALTER TABLE `initial_values`
 ADD PRIMARY KEY (`id`);

--
-- Indexes for table `invoices`
--
ALTER TABLE `invoices`
 ADD PRIMARY KEY (`id`);

--
-- Indexes for table `items`
--
ALTER TABLE `items`
 ADD PRIMARY KEY (`id`);

--
-- Indexes for table `item_relation`
--
ALTER TABLE `item_relation`
 ADD PRIMARY KEY (`id`);

--
-- Indexes for table `organizations`
--
ALTER TABLE `organizations`
 ADD PRIMARY KEY (`id`);

--
-- Indexes for table `outgoing_carts`
--
ALTER TABLE `outgoing_carts`
 ADD PRIMARY KEY (`id`);

--
-- Indexes for table `password_resets`
--
ALTER TABLE `password_resets`
 ADD KEY `password_resets_email_index` (`email`), ADD KEY `password_resets_token_index` (`token`);

--
-- Indexes for table `receiving_manifest`
--
ALTER TABLE `receiving_manifest`
 ADD PRIMARY KEY (`id`);

--
-- Indexes for table `rewash`
--
ALTER TABLE `rewash`
 ADD PRIMARY KEY (`id`);

--
-- Indexes for table `rewash_items`
--
ALTER TABLE `rewash_items`
 ADD PRIMARY KEY (`id`);

--
-- Indexes for table `shipping_manifest`
--
ALTER TABLE `shipping_manifest`
 ADD PRIMARY KEY (`id`);

--
-- Indexes for table `taxes`
--
ALTER TABLE `taxes`
 ADD PRIMARY KEY (`id`);

--
-- Indexes for table `taxes_components`
--
ALTER TABLE `taxes_components`
 ADD PRIMARY KEY (`id`);

--
-- Indexes for table `users`
--
ALTER TABLE `users`
 ADD PRIMARY KEY (`id`), ADD UNIQUE KEY `users_email_unique` (`email`);

--
-- Indexes for table `user_profile`
--
ALTER TABLE `user_profile`
 ADD PRIMARY KEY (`id`);

--
-- AUTO_INCREMENT for dumped tables
--

--
-- AUTO_INCREMENT for table `carts`
--
ALTER TABLE `carts`
MODIFY `id` int(10) unsigned NOT NULL AUTO_INCREMENT,AUTO_INCREMENT=3;
--
-- AUTO_INCREMENT for table `countries`
--
ALTER TABLE `countries`
MODIFY `id` int(10) unsigned NOT NULL AUTO_INCREMENT,AUTO_INCREMENT=247;
--
-- AUTO_INCREMENT for table `customers`
--
ALTER TABLE `customers`
MODIFY `id` int(10) unsigned NOT NULL AUTO_INCREMENT,AUTO_INCREMENT=5;
--
-- AUTO_INCREMENT for table `customers_billings`
--
ALTER TABLE `customers_billings`
MODIFY `id` int(10) unsigned NOT NULL AUTO_INCREMENT,AUTO_INCREMENT=3;
--
-- AUTO_INCREMENT for table `customers_departments`
--
ALTER TABLE `customers_departments`
MODIFY `id` int(10) unsigned NOT NULL AUTO_INCREMENT,AUTO_INCREMENT=3;
--
-- AUTO_INCREMENT for table `customers_incoming_carts_items`
--
ALTER TABLE `customers_incoming_carts_items`
MODIFY `id` int(10) unsigned NOT NULL AUTO_INCREMENT,AUTO_INCREMENT=47;
--
-- AUTO_INCREMENT for table `customers_items`
--
ALTER TABLE `customers_items`
MODIFY `id` int(10) unsigned NOT NULL AUTO_INCREMENT,AUTO_INCREMENT=13;
--
-- AUTO_INCREMENT for table `customers_outgoing_carts_items`
--
ALTER TABLE `customers_outgoing_carts_items`
MODIFY `id` int(10) unsigned NOT NULL AUTO_INCREMENT,AUTO_INCREMENT=3;
--
-- AUTO_INCREMENT for table `customers_taxes`
--
ALTER TABLE `customers_taxes`
MODIFY `id` int(10) unsigned NOT NULL AUTO_INCREMENT,AUTO_INCREMENT=3;
--
-- AUTO_INCREMENT for table `incoming_carts`
--
ALTER TABLE `incoming_carts`
MODIFY `id` int(10) unsigned NOT NULL AUTO_INCREMENT,AUTO_INCREMENT=43;
--
-- AUTO_INCREMENT for table `initial_values`
--
ALTER TABLE `initial_values`
MODIFY `id` int(10) unsigned NOT NULL AUTO_INCREMENT,AUTO_INCREMENT=7;
--
-- AUTO_INCREMENT for table `invoices`
--
ALTER TABLE `invoices`
MODIFY `id` int(10) unsigned NOT NULL AUTO_INCREMENT;
--
-- AUTO_INCREMENT for table `items`
--
ALTER TABLE `items`
MODIFY `id` int(10) unsigned NOT NULL AUTO_INCREMENT,AUTO_INCREMENT=69;
--
-- AUTO_INCREMENT for table `item_relation`
--
ALTER TABLE `item_relation`
MODIFY `id` int(10) unsigned NOT NULL AUTO_INCREMENT,AUTO_INCREMENT=11;
--
-- AUTO_INCREMENT for table `organizations`
--
ALTER TABLE `organizations`
MODIFY `id` int(10) unsigned NOT NULL AUTO_INCREMENT,AUTO_INCREMENT=12;
--
-- AUTO_INCREMENT for table `outgoing_carts`
--
ALTER TABLE `outgoing_carts`
MODIFY `id` int(10) unsigned NOT NULL AUTO_INCREMENT,AUTO_INCREMENT=2;
--
-- AUTO_INCREMENT for table `receiving_manifest`
--
ALTER TABLE `receiving_manifest`
MODIFY `id` int(10) unsigned NOT NULL AUTO_INCREMENT,AUTO_INCREMENT=35;
--
-- AUTO_INCREMENT for table `rewash`
--
ALTER TABLE `rewash`
MODIFY `id` int(10) unsigned NOT NULL AUTO_INCREMENT,AUTO_INCREMENT=7;
--
-- AUTO_INCREMENT for table `rewash_items`
--
ALTER TABLE `rewash_items`
MODIFY `id` int(10) unsigned NOT NULL AUTO_INCREMENT,AUTO_INCREMENT=9;
--
-- AUTO_INCREMENT for table `shipping_manifest`
--
ALTER TABLE `shipping_manifest`
MODIFY `id` int(10) unsigned NOT NULL AUTO_INCREMENT,AUTO_INCREMENT=2;
--
-- AUTO_INCREMENT for table `taxes`
--
ALTER TABLE `taxes`
MODIFY `id` int(10) unsigned NOT NULL AUTO_INCREMENT,AUTO_INCREMENT=63;
--
-- AUTO_INCREMENT for table `taxes_components`
--
ALTER TABLE `taxes_components`
MODIFY `id` int(10) unsigned NOT NULL AUTO_INCREMENT,AUTO_INCREMENT=30;
--
-- AUTO_INCREMENT for table `users`
--
ALTER TABLE `users`
MODIFY `id` int(10) unsigned NOT NULL AUTO_INCREMENT,AUTO_INCREMENT=72;
--
-- AUTO_INCREMENT for table `user_profile`
--
ALTER TABLE `user_profile`
MODIFY `id` int(10) unsigned NOT NULL AUTO_INCREMENT,AUTO_INCREMENT=44;
/*!40101 SET CHARACTER_SET_CLIENT=@OLD_CHARACTER_SET_CLIENT */;
/*!40101 SET CHARACTER_SET_RESULTS=@OLD_CHARACTER_SET_RESULTS */;
/*!40101 SET COLLATION_CONNECTION=@OLD_COLLATION_CONNECTION */;
